,date,timeGMT,tempIMU_C,lat,lon
0,2021-01-10, 140644.000,40.93,-40.583573,-64.998357
1709,2021-01-10, 141145.826,45.28,-40.583594,-64.998439
1710,2021-01-10, 141146.000,45.25,-40.583594,-64.998439
3437,2021-01-10, 141647.827,46.5,-40.583492,-64.998531
3438,2021-01-10, 141648.000,46.47,-40.583492,-64.998531
5165,2021-01-10, 142147.826,48.84,-40.583415,-64.998496
5166,2021-01-10, 142148.000,48.81,-40.583415,-64.998496
6911,2021-01-10, 142649.826,48.0,-40.583337,-64.998604
6912,2021-01-10, 142650.000,47.97,-40.583337,-64.998604
8639,2021-01-10, 143150.827,44.76,-40.583382,-64.998667
8640,2021-01-10, 143151.000,44.69,-40.583382,-64.998667
10421,2021-01-10, 143700.826,38.37,-40.583371,-64.998751
10422,2021-01-10, 143701.000,38.32,-40.583371,-64.998751
12167,2021-01-10, 144202.826,36.44,-40.583375,-64.998691
12168,2021-01-10, 144203.000,36.4,-40.583375,-64.998691
13859,2021-01-10, 144656.827,35.51,-40.583372,-64.998714
13860,2021-01-10, 144657.000,35.49,-40.583372,-64.998714
15587,2021-01-10, 145158.827,34.85,-40.583377,-64.998728
15588,2021-01-10, 145159.000,34.82,-40.583377,-64.998728
17315,2021-01-10, 145659.827,34.31,-40.583346,-64.998828
17316,2021-01-10, 145700.000,34.27,-40.583346,-64.998828
19043,2021-01-10, 150159.826,33.71,-40.583352,-64.998796
19044,2021-01-10, 150200.000,33.67,-40.583352,-64.998796
20789,2021-01-10, 150703.824,33.21,-40.583349,-64.998817
20790,2021-01-10, 150704.000,33.16,-40.583349,-64.998817
22517,2021-01-10, 151203.826,33.38,-40.583376,-64.998766
22518,2021-01-10, 151204.000,33.35,-40.583376,-64.998766
24227,2021-01-10, 151701.827,33.33,-40.583404,-64.998744
24228,2021-01-10, 151702.000,33.29,-40.583404,-64.998744
25955,2021-01-10, 152202.827,33.7,-40.583382,-64.998727
25956,2021-01-10, 152203.000,33.66,-40.583382,-64.998727
27683,2021-01-10, 152702.826,34.49,-40.583363,-64.998671
27684,2021-01-10, 152703.000,34.46,-40.583363,-64.998671
29429,2021-01-10, 153206.824,35.22,-40.583352,-64.998805
29430,2021-01-10, 153207.000,35.18,-40.583352,-64.998805
31283,2021-01-10, 153729.825,34.43,-40.583355,-64.998735
31284,2021-01-10, 153730.000,34.4,-40.583355,-64.998735
33029,2021-01-10, 154233.824,34.12,-40.58336,-64.998745
33030,2021-01-10, 154234.000,34.08,-40.58336,-64.998745
34613,2021-01-10, 154709.827,33.35,-40.58338,-64.998764
34614,2021-01-10, 154710.000,33.32,-40.58338,-64.998764
36341,2021-01-10, 155209.826,32.85,-40.583355,-64.998752
36342,2021-01-10, 155210.000,32.81,-40.583355,-64.998752
38069,2021-01-10, 155710.827,32.69,-40.583366,-64.998724
38070,2021-01-10, 155711.000,32.64,-40.583366,-64.998724
39833,2021-01-10, 160216.827,32.79,-40.583311,-64.998742
39834,2021-01-10, 160217.000,32.75,-40.583311,-64.998742
41561,2021-01-10, 160717.827,33.07,-40.583342,-64.998772
41562,2021-01-10, 160718.000,33.03,-40.583342,-64.998772
43253,2021-01-10, 161215.827,33.12,-40.583381,-64.998787
43254,2021-01-10, 161216.000,33.07,-40.583381,-64.998787
45017,2021-01-10, 161720.826,33.31,-40.583375,-64.998728
45018,2021-01-10, 161721.000,33.27,-40.583375,-64.998728
46727,2021-01-10, 162217.826,33.4,-40.583414,-64.998778
46728,2021-01-10, 162218.000,33.37,-40.583414,-64.998778
48473,2021-01-10, 162722.826,33.53,-40.58341,-64.998783
48474,2021-01-10, 162723.000,33.49,-40.58341,-64.998783
50183,2021-01-10, 163219.826,34.1,-40.583327,-64.9986
50184,2021-01-10, 163220.000,34.05,-40.583327,-64.9986
51929,2021-01-10, 163721.826,34.18,-40.583324,-64.998702
51930,2021-01-10, 163722.000,34.14,-40.583324,-64.998702
53657,2021-01-10, 164222.827,33.92,-40.583374,-64.998745
53658,2021-01-10, 164223.000,33.87,-40.583374,-64.998745
55403,2021-01-10, 164727.826,34.22,-40.583369,-64.998777
55404,2021-01-10, 164728.000,34.17,-40.583369,-64.998777
57113,2021-01-10, 165224.826,34.12,-40.58346,-64.998805
57114,2021-01-10, 165225.000,34.09,-40.58346,-64.998805
58859,2021-01-10, 165726.826,34.27,-40.583288,-64.9986
58860,2021-01-10, 165727.000,34.2,-40.583288,-64.9986
60605,2021-01-10, 170230.824,34.52,-40.583364,-64.998724
60606,2021-01-10, 170231.000,34.49,-40.583364,-64.998724
62315,2021-01-10, 170728.827,34.24,-40.583343,-64.998704
62316,2021-01-10, 170729.000,34.2,-40.583343,-64.998704
64061,2021-01-10, 171231.826,34.54,-40.583313,-64.998619
64062,2021-01-10, 171232.000,34.51,-40.583313,-64.998619
65771,2021-01-10, 171729.827,34.5,-40.583439,-64.998813
65772,2021-01-10, 171730.000,34.46,-40.583439,-64.998813
67517,2021-01-10, 172232.826,34.44,-40.58335,-64.998741
67518,2021-01-10, 172233.000,34.4,-40.58335,-64.998741
69245,2021-01-10, 172732.826,34.32,-40.583334,-64.998632
69246,2021-01-10, 172733.000,34.29,-40.583334,-64.998632
70973,2021-01-10, 173233.827,34.38,-40.583427,-64.998591
70974,2021-01-10, 173234.000,34.33,-40.583427,-64.998591
72701,2021-01-10, 173734.827,34.38,-40.583343,-64.998774
72702,2021-01-10, 173735.000,34.26,-40.583343,-64.998774
74501,2021-01-10, 174247.827,34.54,-40.583361,-64.998728
74502,2021-01-10, 174248.000,34.48,-40.583361,-64.998728
76229,2021-01-10, 174746.826,34.81,-40.583339,-64.998653
76230,2021-01-10, 174747.000,34.76,-40.583339,-64.998653
78029,2021-01-10, 175258.826,35.02,-40.583317,-64.9986
78030,2021-01-10, 175259.000,34.97,-40.583317,-64.9986
79703,2021-01-10, 175752.825,35.06,-40.583334,-64.998722
79704,2021-01-10, 175753.000,35.02,-40.583334,-64.998722
81485,2021-01-10, 180302.826,35.45,-40.583392,-64.998749
81486,2021-01-10, 180303.000,35.41,-40.583392,-64.998749
83141,2021-01-10, 180751.828,35.3,-40.583368,-64.9988
83142,2021-01-10, 180752.000,35.26,-40.583368,-64.9988
84869,2021-01-10, 181253.827,35.41,-40.583611,-64.998758
84870,2021-01-10, 181254.000,35.37,-40.583611,-64.998758
86651,2021-01-10, 181803.826,34.78,-40.583376,-64.998732
86652,2021-01-10, 181804.000,34.75,-40.583376,-64.998732
88289,2021-01-10, 182246.827,35.13,-40.583354,-64.998746
88290,2021-01-10, 182247.000,35.08,-40.583354,-64.998746
90017,2021-01-10, 182748.827,35.4,-40.58336,-64.998734
90018,2021-01-10, 182749.000,35.36,-40.58336,-64.998734
91745,2021-01-10, 183249.827,36.72,-40.583363,-64.998735
91746,2021-01-10, 183250.000,36.67,-40.583363,-64.998735
93455,2021-01-10, 183747.827,38.07,-40.583348,-64.9987
93456,2021-01-10, 183748.000,38.01,-40.583348,-64.9987
95201,2021-01-10, 184251.824,42.94,-40.583345,-64.998949
95202,2021-01-10, 184252.000,42.9,-40.583345,-64.998949
96947,2021-01-10, 184752.827,48.67,-40.583216,-64.998967
96948,2021-01-10, 184753.000,48.64,-40.583216,-64.998967
98675,2021-01-10, 185254.827,48.97,-40.588327,-64.994283
98676,2021-01-10, 185255.000,48.93,-40.588327,-64.994283
100457,2021-01-10, 185805.825,42.03,-40.583062,-64.999039
100458,2021-01-10, 185806.000,41.99,-40.583062,-64.999039
102149,2021-01-10, 190257.828,39.88,-40.583074,-64.999003
102150,2021-01-10, 190258.000,39.84,-40.583074,-64.999003
103913,2021-01-10, 190803.827,40.32,-40.581605,-65.000186
103914,2021-01-10, 190804.000,40.29,-40.581605,-65.000186
105677,2021-01-10, 191310.827,40.16,-40.583046,-64.999128
105678,2021-01-10, 191311.000,40.13,-40.583046,-64.999128
107333,2021-01-10, 191759.827,38.42,-40.583091,-64.999087
107334,2021-01-10, 191800.000,38.38,-40.583091,-64.999087
109097,2021-01-10, 192305.827,37.2,-40.57746,-65.004741
109098,2021-01-10, 192306.000,37.16,-40.57746,-65.004741
110807,2021-01-10, 192801.827,36.47,-40.576437,-64.981571
110808,2021-01-10, 192802.000,36.44,-40.576437,-64.981571
112535,2021-01-10, 193302.827,36.69,-40.574595,-65.00782
112536,2021-01-10, 193303.000,36.63,-40.574595,-65.00782
114281,2021-01-10, 193804.826,36.32,-40.590385,-65.000809
114282,2021-01-10, 193805.000,36.27,-40.590385,-65.000809
116009,2021-01-10, 194305.827,35.94,-40.588513,-65.001147
116010,2021-01-10, 194306.000,35.9,-40.588513,-65.001147
117737,2021-01-10, 194806.827,35.86,-40.587515,-65.001434
117738,2021-01-10, 194807.000,35.81,-40.587515,-65.001434
119465,2021-01-10, 195307.827,35.25,-40.58691,-65.001693
119466,2021-01-10, 195308.000,35.2,-40.58691,-65.001693
121193,2021-01-10, 195808.827,35.7,-40.586518,-65.001953
121194,2021-01-10, 195809.000,35.67,-40.586518,-65.001953
122939,2021-01-10, 200310.826,35.78,-40.58634,-65.002285
122940,2021-01-10, 200311.000,35.74,-40.58634,-65.002285
124685,2021-01-10, 200819.826,35.88,-40.583054,-64.999138
124686,2021-01-10, 200820.000,35.85,-40.583054,-64.999138
126413,2021-01-10, 201320.827,36.07,-40.583045,-64.999155
126414,2021-01-10, 201321.000,36.03,-40.583045,-64.999155
128141,2021-01-10, 201820.826,35.97,-40.582961,-64.998956
128142,2021-01-10, 201821.000,35.94,-40.582961,-64.998956
129887,2021-01-10, 202322.826,35.49,-40.583067,-64.999144
129888,2021-01-10, 202323.000,35.44,-40.583067,-64.999144
131633,2021-01-10, 202827.826,35.04,-40.583189,-64.999122
131634,2021-01-10, 202828.000,35.0,-40.583189,-64.999122
133307,2021-01-10, 203318.827,36.92,-40.583113,-64.999243
133308,2021-01-10, 203319.000,36.89,-40.583113,-64.999243
135035,2021-01-10, 203819.827,38.63,-40.583037,-64.999286
135036,2021-01-10, 203820.000,38.57,-40.583037,-64.999286
136781,2021-01-10, 204321.826,36.71,-40.582988,-64.999202
136782,2021-01-10, 204322.000,36.67,-40.582988,-64.999202
138527,2021-01-10, 204825.824,36.15,-40.583103,-64.999381
138528,2021-01-10, 204826.000,36.11,-40.583103,-64.999381
140291,2021-01-10, 205330.826,37.9,-40.583248,-64.999725
140292,2021-01-10, 205331.000,37.88,-40.583248,-64.999725
142163,2021-01-10, 205854.826,36.42,-40.583028,-64.999266
142164,2021-01-10, 205855.000,36.4,-40.583028,-64.999266
143711,2021-01-10, 210322.826,39.1,-40.583049,-64.999299
143712,2021-01-10, 210323.000,39.05,-40.583049,-64.999299
145439,2021-01-10, 210822.826,39.36,-40.583085,-64.999294
145440,2021-01-10, 210823.000,39.33,-40.583085,-64.999294
147167,2021-01-10, 211324.827,36.41,-40.583034,-64.999308
147168,2021-01-10, 211325.000,36.37,-40.583034,-64.999308
148913,2021-01-10, 211827.826,38.93,-40.58296,-64.999326
148914,2021-01-10, 211828.000,38.89,-40.58296,-64.999326
150641,2021-01-10, 212326.826,37.81,-40.582944,-64.999265
150642,2021-01-10, 212327.000,37.78,-40.582944,-64.999265
152369,2021-01-10, 212829.824,37.97,-40.583029,-64.999385
152370,2021-01-10, 212830.000,37.93,-40.583029,-64.999385
154097,2021-01-10, 213329.826,38.85,-40.582984,-64.999454
154098,2021-01-10, 213330.000,38.8,-40.582984,-64.999454
155843,2021-01-10, 213831.826,39.17,-40.582985,-64.999462
155844,2021-01-10, 213832.000,39.13,-40.582985,-64.999462
157571,2021-01-10, 214332.827,38.62,-40.582954,-64.999421
157572,2021-01-10, 214333.000,38.57,-40.582954,-64.999421
159317,2021-01-10, 214835.826,36.89,-40.582888,-64.999412
159318,2021-01-10, 214836.000,36.86,-40.582888,-64.999412
161027,2021-01-10, 215334.826,36.95,-40.582915,-64.999408
161028,2021-01-10, 215335.000,36.91,-40.582915,-64.999408
162773,2021-01-10, 215836.826,37.87,-40.582836,-64.999422
162774,2021-01-10, 215837.000,37.83,-40.582836,-64.999422
164537,2021-01-10, 220344.825,37.16,-40.582904,-64.999563
164538,2021-01-10, 220345.000,37.12,-40.582904,-64.999563
166247,2021-01-10, 220842.828,36.51,-40.582857,-64.999773
166248,2021-01-10, 220843.000,36.47,-40.582857,-64.999773
167975,2021-01-10, 221345.824,35.67,-40.582915,-64.999909
167976,2021-01-10, 221346.000,35.63,-40.582915,-64.999909
169721,2021-01-10, 221847.826,34.95,-40.582899,-65.000153
169722,2021-01-10, 221848.000,34.91,-40.582899,-65.000153
171449,2021-01-10, 222348.827,34.5,-40.582962,-65.000218
171450,2021-01-10, 222349.000,34.47,-40.582962,-65.000218
173195,2021-01-10, 222853.826,33.7,-40.582774,-65.000602
173196,2021-01-10, 222854.000,33.66,-40.582774,-65.000602
174959,2021-01-10, 223400.827,33.99,-40.58278,-65.000411
174960,2021-01-10, 223401.000,33.95,-40.58278,-65.000411
176597,2021-01-10, 223844.826,33.44,-40.582751,-65.000391
176598,2021-01-10, 223845.000,33.41,-40.582751,-65.000391
178325,2021-01-10, 224346.827,32.77,-40.582656,-65.000575
178326,2021-01-10, 224347.000,32.65,-40.582656,-65.000575
180071,2021-01-10, 224849.826,32.9,-40.582672,-65.000565
180072,2021-01-10, 224850.000,32.84,-40.582672,-65.000565
181817,2021-01-10, 225353.824,32.82,-40.582662,-65.000552
181818,2021-01-10, 225354.000,32.79,-40.582662,-65.000552
183527,2021-01-10, 225851.827,32.6,-40.582671,-65.000592
183528,2021-01-10, 225852.000,32.57,-40.582671,-65.000592
185255,2021-01-10, 230352.827,32.29,-40.58263,-65.000556
185256,2021-01-10, 230353.000,32.24,-40.58263,-65.000556
186983,2021-01-10, 230853.827,31.94,-40.582662,-65.000611
186984,2021-01-10, 230854.000,31.89,-40.582662,-65.000611
188711,2021-01-10, 231354.827,31.7,-40.582563,-65.000571
188712,2021-01-10, 231355.000,31.67,-40.582563,-65.000571
190457,2021-01-10, 231856.826,31.47,-40.582616,-65.000576
190458,2021-01-10, 231857.000,31.43,-40.582616,-65.000576
192185,2021-01-10, 232357.827,31.24,-40.582642,-65.000575
192186,2021-01-10, 232358.000,31.22,-40.582642,-65.000575
193913,2021-01-10, 232858.827,31.01,-40.582574,-65.00049
193914,2021-01-10, 232859.000,30.98,-40.582574,-65.00049
195641,2021-01-10, 233359.827,30.77,-40.582642,-65.000501
195642,2021-01-10, 233400.000,30.73,-40.582642,-65.000501
197387,2021-01-10, 233901.826,30.54,-40.582633,-65.00057
197388,2021-01-10, 233902.000,30.5,-40.582633,-65.00057
199115,2021-01-10, 234403.827,30.34,-40.582689,-65.000571
199116,2021-01-10, 234404.000,30.31,-40.582689,-65.000571
200843,2021-01-10, 234904.827,30.17,-40.58267,-65.000614
200844,2021-01-10, 234905.000,30.14,-40.58267,-65.000614
202643,2021-01-10, 235415.828,30.12,-40.582603,-65.000562
202644,2021-01-10, 235416.000,30.07,-40.582603,-65.000562
204389,2021-01-10, 235921.826,30.05,-40.582673,-65.000586
204390,2021-01-10, 235922.000,29.99,-40.582673,-65.000586
206153,2021-01-11, 000429.828,30.09,-40.582571,-65.000555
206154,2021-01-11, 000430.000,30.05,-40.582571,-65.000555
207989,2021-01-11, 000948.827,30.2,-40.58265,-65.000585
207990,2021-01-11, 000949.000,30.14,-40.58265,-65.000585
209555,2021-01-11, 001420.826,29.92,-40.582714,-65.000631
209556,2021-01-11, 001421.000,29.88,-40.582714,-65.000631
211229,2021-01-11, 001912.824,29.55,-40.582674,-65.000561
211230,2021-01-11, 001913.000,29.51,-40.582674,-65.000561
212957,2021-01-11, 002413.827,29.19,-40.582674,-65.000462
212958,2021-01-11, 002414.000,29.14,-40.582674,-65.000462
214685,2021-01-11, 002914.827,29.0,-40.582617,-65.000776
214686,2021-01-11, 002915.000,28.95,-40.582617,-65.000776
216431,2021-01-11, 003417.826,28.85,-40.582672,-65.000625
216432,2021-01-11, 003418.000,28.81,-40.582672,-65.000625
218177,2021-01-11, 003921.824,28.7,-40.58264,-65.000607
218178,2021-01-11, 003922.000,28.67,-40.58264,-65.000607
219905,2021-01-11, 004422.827,28.57,-40.58266,-65.0006
219906,2021-01-11, 004423.000,28.49,-40.58266,-65.0006
221669,2021-01-11, 004928.827,28.43,-40.582646,-65.000511
221670,2021-01-11, 004929.000,28.39,-40.582646,-65.000511
223379,2021-01-11, 005425.826,28.34,-40.582638,-65.000545
223380,2021-01-11, 005426.000,28.32,-40.582638,-65.000545
225089,2021-01-11, 005921.827,28.17,-40.582584,-65.000465
225090,2021-01-11, 005922.000,28.13,-40.582584,-65.000465
226817,2021-01-11, 010422.827,27.97,-40.582581,-65.000636
226818,2021-01-11, 010423.000,27.94,-40.582581,-65.000636
228545,2021-01-11, 010924.827,27.82,-40.582659,-65.00062
228546,2021-01-11, 010925.000,27.79,-40.582659,-65.00062
230273,2021-01-11, 011425.827,27.72,-40.582629,-65.000535
230274,2021-01-11, 011426.000,27.69,-40.582629,-65.000535
232019,2021-01-11, 011927.826,27.62,-40.58262,-65.000587
232020,2021-01-11, 011928.000,27.57,-40.58262,-65.000587
233747,2021-01-11, 012428.827,27.5,-40.582617,-65.00063
233748,2021-01-11, 012429.000,27.47,-40.582617,-65.00063
235475,2021-01-11, 012930.827,27.39,-40.58263,-65.000672
235476,2021-01-11, 012931.000,27.37,-40.58263,-65.000672
237203,2021-01-11, 013431.827,27.29,-40.582651,-65.000569
237204,2021-01-11, 013432.000,27.25,-40.582651,-65.000569
238949,2021-01-11, 013934.826,27.2,-40.582658,-65.000599
238950,2021-01-11, 013935.000,27.14,-40.582658,-65.000599
240695,2021-01-11, 014437.826,27.09,-40.582675,-65.000561
240696,2021-01-11, 014438.000,27.05,-40.582675,-65.000561
242549,2021-01-11, 014959.827,27.12,-40.582651,-65.000593
242550,2021-01-11, 015000.000,27.06,-40.582651,-65.000593
244133,2021-01-11, 015435.826,27.05,-40.582648,-65.000599
244134,2021-01-11, 015436.000,27.0,-40.582648,-65.000599
245861,2021-01-11, 015936.827,26.74,-40.582625,-65.000567
245862,2021-01-11, 015937.000,26.71,-40.582625,-65.000567
247661,2021-01-11, 020452.825,26.64,-40.58267,-65.000648
247662,2021-01-11, 020453.000,26.61,-40.58267,-65.000648
249299,2021-01-11, 020938.825,26.64,-40.582601,-65.000472
249300,2021-01-11, 020939.000,26.52,-40.582601,-65.000472
251045,2021-01-11, 021440.826,26.4,-40.582625,-65.000535
251046,2021-01-11, 021441.000,26.35,-40.582625,-65.000535
252773,2021-01-11, 021941.827,26.24,-40.582615,-65.000589
252774,2021-01-11, 021942.000,26.19,-40.582615,-65.000589
254501,2021-01-11, 022442.827,26.09,-40.582649,-65.000589
254502,2021-01-11, 022443.000,26.04,-40.582649,-65.000589
256247,2021-01-11, 022944.826,25.91,-40.5827,-65.000599
256248,2021-01-11, 022945.000,25.86,-40.5827,-65.000599
257975,2021-01-11, 023445.827,25.82,-40.582592,-65.000521
257976,2021-01-11, 023446.000,25.76,-40.582592,-65.000521
259703,2021-01-11, 023946.827,25.67,-40.582544,-65.000625
259704,2021-01-11, 023947.000,25.62,-40.582544,-65.000625
261431,2021-01-11, 024447.827,25.5,-40.582543,-65.000569
261432,2021-01-11, 024448.000,25.44,-40.582543,-65.000569
263177,2021-01-11, 024950.826,25.37,-40.582612,-65.00056
263178,2021-01-11, 024951.000,25.31,-40.582612,-65.00056
264905,2021-01-11, 025451.827,25.33,-40.582585,-65.000578
264906,2021-01-11, 025452.000,25.29,-40.582585,-65.000578
266759,2021-01-11, 030012.826,25.39,-40.582614,-65.000578
266760,2021-01-11, 030013.000,25.36,-40.582614,-65.000578
268469,2021-01-11, 030509.826,25.49,-40.582637,-65.000585
268470,2021-01-11, 030510.000,25.45,-40.582637,-65.000585
270287,2021-01-11, 031024.827,25.59,-40.582616,-65.000562
270288,2021-01-11, 031025.000,25.55,-40.582616,-65.000562
271835,2021-01-11, 031455.824,25.39,-40.582623,-65.000628
271836,2021-01-11, 031456.000,25.36,-40.582623,-65.000628
273563,2021-01-11, 031956.827,25.05,-40.582677,-65.000551
273564,2021-01-11, 031957.000,25.01,-40.582677,-65.000551
275309,2021-01-11, 032458.826,24.85,-40.582809,-65.00061
275310,2021-01-11, 032459.000,24.82,-40.582809,-65.00061
277037,2021-01-11, 032959.827,24.75,-40.582616,-65.000608
277038,2021-01-11, 033000.000,24.69,-40.582616,-65.000608
278783,2021-01-11, 033503.824,24.62,-40.582637,-65.000589
278784,2021-01-11, 033504.000,24.56,-40.582637,-65.000589
280493,2021-01-11, 034001.827,24.53,-40.582652,-65.000636
280494,2021-01-11, 034002.000,24.47,-40.582652,-65.000636
282221,2021-01-11, 034502.827,24.44,-40.582696,-65.000545
282222,2021-01-11, 034503.000,24.4,-40.582696,-65.000545
283967,2021-01-11, 035004.826,24.35,-40.582704,-65.000589
283968,2021-01-11, 035005.000,24.32,-40.582704,-65.000589
285695,2021-01-11, 035506.827,24.38,-40.582696,-65.000615
285696,2021-01-11, 035507.000,24.33,-40.582696,-65.000615
287423,2021-01-11, 040007.827,24.3,-40.582631,-65.000595
287424,2021-01-11, 040008.000,24.27,-40.582631,-65.000595
289133,2021-01-11, 040508.827,24.22,-40.582631,-65.000546
289134,2021-01-11, 040509.000,24.18,-40.582631,-65.000546
290879,2021-01-11, 041011.826,24.12,-40.582656,-65.000603
290880,2021-01-11, 041012.000,24.1,-40.582656,-65.000603
292607,2021-01-11, 041511.826,24.08,-40.582631,-65.000594
292608,2021-01-11, 041512.000,24.02,-40.582631,-65.000594
294335,2021-01-11, 042013.827,24.0,-40.582631,-65.000614
294336,2021-01-11, 042014.000,23.97,-40.582631,-65.000614
296063,2021-01-11, 042512.826,23.88,-40.582575,-65.000639
296064,2021-01-11, 042513.000,23.82,-40.582575,-65.000639
297791,2021-01-11, 043014.827,23.65,-40.582592,-65.000586
297792,2021-01-11, 043015.000,23.62,-40.582592,-65.000586
299555,2021-01-11, 043520.827,23.59,-40.582679,-65.00062
299556,2021-01-11, 043521.000,23.54,-40.582679,-65.00062
301265,2021-01-11, 044016.827,23.46,-40.582704,-65.000646
301266,2021-01-11, 044017.000,23.41,-40.582704,-65.000646
302993,2021-01-11, 044517.827,23.33,-40.582709,-65.000617
302994,2021-01-11, 044518.000,23.26,-40.582709,-65.000617
304739,2021-01-11, 045021.824,23.18,-40.582592,-65.000559
304740,2021-01-11, 045022.000,23.12,-40.582592,-65.000559
306467,2021-01-11, 045522.827,23.14,-40.582778,-65.00067
306468,2021-01-11, 045523.000,23.08,-40.582778,-65.00067
308195,2021-01-11, 050023.827,23.09,-40.582811,-65.00068
308196,2021-01-11, 050024.000,23.06,-40.582811,-65.00068
309941,2021-01-11, 050525.826,23.07,-40.582728,-65.000694
309942,2021-01-11, 050526.000,23.02,-40.582728,-65.000694
311831,2021-01-11, 051054.824,23.3,-40.582637,-65.000562
311832,2021-01-11, 051055.000,23.26,-40.582637,-65.000562
313379,2021-01-11, 051524.826,23.32,-40.582689,-65.000577
313380,2021-01-11, 051525.000,23.26,-40.582689,-65.000577
315125,2021-01-11, 052026.826,23.02,-40.582631,-65.000607
315126,2021-01-11, 052027.000,22.97,-40.582631,-65.000607
316853,2021-01-11, 052527.827,22.91,-40.582647,-65.000595
316854,2021-01-11, 052528.000,22.89,-40.582647,-65.000595
318581,2021-01-11, 053029.827,22.87,-40.582646,-65.000599
318582,2021-01-11, 053030.000,22.82,-40.582646,-65.000599
320309,2021-01-11, 053530.827,22.85,-40.582599,-65.000555
320310,2021-01-11, 053531.000,22.81,-40.582599,-65.000555
322055,2021-01-11, 054032.826,22.84,-40.582667,-65.000617
322056,2021-01-11, 054033.000,22.78,-40.582667,-65.000617
323783,2021-01-11, 054534.827,22.75,-40.582603,-65.00054
323784,2021-01-11, 054535.000,22.72,-40.582603,-65.00054
325511,2021-01-11, 055034.826,22.73,-40.582508,-65.000448
325512,2021-01-11, 055035.000,22.68,-40.582508,-65.000448
327257,2021-01-11, 055536.826,22.65,-40.582481,-65.000503
327258,2021-01-11, 055537.000,22.62,-40.582481,-65.000503
330713,2021-01-11, 060538.825,22.79,-40.58282,-65.000605
330714,2021-01-11, 060539.000,22.74,-40.58282,-65.000605
332441,2021-01-11, 061039.827,22.55,-40.582829,-65.000594
332442,2021-01-11, 061040.000,22.49,-40.582829,-65.000594
334187,2021-01-11, 061541.826,22.45,-40.582692,-65.000584
334188,2021-01-11, 061542.000,22.42,-40.582692,-65.000584
335915,2021-01-11, 062043.827,22.36,-40.582924,-65.000751
335916,2021-01-11, 062044.000,22.31,-40.582924,-65.000751
337643,2021-01-11, 062543.826,22.36,-40.582852,-65.000753
337644,2021-01-11, 062544.000,22.33,-40.582852,-65.000753
339389,2021-01-11, 063045.826,22.32,-40.58288,-65.000889
339390,2021-01-11, 063046.000,22.26,-40.58288,-65.000889
341117,2021-01-11, 063548.824,22.29,-40.582779,-65.000843
341118,2021-01-11, 063549.000,22.23,-40.582779,-65.000843
342881,2021-01-11, 064053.826,22.34,-40.582791,-65.000924
342882,2021-01-11, 064054.000,22.27,-40.582791,-65.000924
344591,2021-01-11, 064550.826,22.41,-40.582815,-65.000914
344592,2021-01-11, 064551.000,22.35,-40.582815,-65.000914
346355,2021-01-11, 065057.827,22.44,-40.582725,-65.00095
346356,2021-01-11, 065058.000,22.4,-40.582725,-65.00095
348047,2021-01-11, 065553.826,22.54,-40.582605,-65.000596
348048,2021-01-11, 065554.000,22.49,-40.582605,-65.000596
349955,2021-01-11, 070124.828,22.68,-40.582626,-65.000722
349956,2021-01-11, 070125.000,22.63,-40.582626,-65.000722
351503,2021-01-11, 070554.826,22.81,-40.582569,-65.000597
351504,2021-01-11, 070555.000,22.75,-40.582569,-65.000597
353249,2021-01-11, 071056.826,22.57,-40.582565,-65.000618
353250,2021-01-11, 071057.000,22.55,-40.582565,-65.000618
354977,2021-01-11, 071557.827,22.53,-40.582583,-65.000662
354978,2021-01-11, 071558.000,22.48,-40.582583,-65.000662
356723,2021-01-11, 072100.826,22.36,-40.582613,-65.000706
356724,2021-01-11, 072101.000,22.33,-40.582613,-65.000706
358433,2021-01-11, 072559.826,22.17,-40.582626,-65.000648
358434,2021-01-11, 072600.000,22.12,-40.582626,-65.000648
360161,2021-01-11, 073100.827,22.09,-40.582612,-65.000612
360162,2021-01-11, 073101.000,22.04,-40.582612,-65.000612
361889,2021-01-11, 073600.826,22.15,-40.582506,-65.000475
361890,2021-01-11, 073601.000,22.09,-40.582506,-65.000475
363635,2021-01-11, 074104.824,22.15,-40.582644,-65.000658
363636,2021-01-11, 074105.000,22.12,-40.582644,-65.000658
365381,2021-01-11, 074608.824,22.18,-40.58262,-65.000612
365382,2021-01-11, 074609.000,22.13,-40.58262,-65.000612
367091,2021-01-11, 075104.827,22.22,-40.582584,-65.000613
367092,2021-01-11, 075105.000,22.16,-40.582584,-65.000613
368837,2021-01-11, 075609.826,22.17,-40.582494,-65.000512
368838,2021-01-11, 075610.000,22.11,-40.582494,-65.000512
370565,2021-01-11, 080111.826,22.1,-40.582579,-65.000556
370566,2021-01-11, 080112.000,22.06,-40.582579,-65.000556
372293,2021-01-11, 080613.827,21.99,-40.58253,-65.000514
372294,2021-01-11, 080614.000,21.96,-40.58253,-65.000514
374039,2021-01-11, 081116.826,22.02,-40.582579,-65.000524
374040,2021-01-11, 081117.000,21.97,-40.582579,-65.000524
375767,2021-01-11, 081616.826,21.9,-40.582547,-65.000521
375768,2021-01-11, 081617.000,21.87,-40.582547,-65.000521
377567,2021-01-11, 082130.827,21.99,-40.582628,-65.000564
377568,2021-01-11, 082131.000,21.95,-40.582628,-65.000564
379187,2021-01-11, 082613.825,22.06,-40.582636,-65.000598
379188,2021-01-11, 082614.000,21.93,-40.582636,-65.000598
380933,2021-01-11, 083115.826,21.87,-40.582652,-65.0006
380934,2021-01-11, 083116.000,21.83,-40.582652,-65.0006
382661,2021-01-11, 083616.827,21.8,-40.582682,-65.000612
382662,2021-01-11, 083617.000,21.74,-40.582682,-65.000612
384389,2021-01-11, 084117.827,21.59,-40.582572,-65.000458
384390,2021-01-11, 084118.000,21.55,-40.582572,-65.000458
386117,2021-01-11, 084618.827,21.34,-40.582727,-65.000887
386118,2021-01-12, 114717.000,35.16,-40.582694,-65.00126
387863,2021-01-12, 115219.826,40.24,-40.58271,-65.001274
387864,2021-01-12, 115220.000,40.2,-40.58271,-65.001274
389591,2021-01-12, 115718.826,42.89,-40.582694,-65.001283
389592,2021-01-12, 115719.000,42.85,-40.582694,-65.001283
391319,2021-01-12, 120220.827,45.87,-40.582705,-65.001286
391320,2021-01-12, 120221.000,45.83,-40.582705,-65.001286
393065,2021-01-12, 120723.826,47.36,-40.582691,-65.001287
393066,2021-01-12, 120724.000,47.32,-40.582691,-65.001287
394793,2021-01-12, 121222.826,48.88,-40.582696,-65.00128
394794,2021-01-12, 121223.000,48.84,-40.582696,-65.00128
396521,2021-01-12, 121723.827,50.25,-40.582695,-65.001252
396522,2021-01-12, 121724.000,50.2,-40.582695,-65.001252
398249,2021-01-12, 122225.827,51.17,-40.582718,-65.001267
398250,2021-01-12, 122226.000,51.13,-40.582718,-65.001267
399995,2021-01-12, 122728.826,52.22,-40.582723,-65.001271
399996,2021-01-12, 122729.000,52.18,-40.582723,-65.001271
401723,2021-01-12, 123227.826,52.38,-40.582709,-65.001274
401724,2021-01-12, 123228.000,52.35,-40.582709,-65.001274
403451,2021-01-12, 123728.827,53.08,-40.582719,-65.001295
403452,2021-01-12, 123729.000,53.04,-40.582719,-65.001295
405179,2021-01-12, 124229.827,53.98,-40.582691,-65.001281
405180,2021-01-12, 124230.000,53.93,-40.582691,-65.001281
406907,2021-01-12, 124730.827,55.18,-40.582715,-65.0013
406908,2021-01-12, 124731.000,55.16,-40.582715,-65.0013
408653,2021-01-12, 125234.824,56.04,-40.582719,-65.001282
408654,2021-01-12, 125235.000,56.01,-40.582719,-65.001282
410453,2021-01-12, 125745.828,57.04,-40.582721,-65.001289
410454,2021-01-12, 125746.000,56.99,-40.582721,-65.001289
412073,2021-01-12, 130227.825,51.17,-40.582716,-65.001307
412074,2021-01-12, 130228.000,51.12,-40.582716,-65.001307
413819,2021-01-12, 130731.824,46.87,-40.589717,-64.994364
413820,2021-01-12, 130732.000,46.83,-40.589717,-64.994364
415547,2021-01-12, 131230.826,45.09,-40.5815,-65.006762
415548,2021-01-12, 131231.000,45.05,-40.5815,-65.006762
417383,2021-01-12, 131750.827,43.16,-40.582715,-65.001302
417384,2021-01-12, 131751.000,43.13,-40.582715,-65.001302
419003,2021-01-12, 132233.825,39.37,-40.582723,-65.001354
419004,2021-01-12, 132234.000,39.33,-40.582723,-65.001354
420749,2021-01-12, 132735.826,35.93,-40.582744,-65.001372
420750,2021-01-12, 132736.000,35.87,-40.582744,-65.001372
422477,2021-01-12, 133236.827,34.02,-40.582698,-65.001229
422478,2021-01-12, 133237.000,33.96,-40.582698,-65.001229
424223,2021-01-12, 133741.826,32.84,-40.582706,-65.001341
424224,2021-01-12, 133742.000,32.79,-40.582706,-65.001341
425951,2021-01-12, 134242.827,32.12,-40.582721,-65.00126
425952,2021-01-12, 134243.000,32.07,-40.582721,-65.00126
427661,2021-01-12, 134742.826,31.71,-40.582725,-65.001234
427662,2021-01-12, 134743.000,31.67,-40.582725,-65.001234
429425,2021-01-12, 135249.827,31.49,-40.58268,-65.000966
429426,2021-01-12, 135250.000,31.44,-40.58268,-65.000966
431135,2021-01-12, 135745.827,31.57,-40.582705,-65.001232
431136,2021-01-12, 135746.000,31.52,-40.582705,-65.001232
433133,2021-01-12, 140333.826,32.12,-40.582709,-65.001313
433134,2021-01-12, 140334.000,32.09,-40.582709,-65.001313
434681,2021-01-12, 140801.826,32.24,-40.582945,-65.001044
434682,2021-01-12, 140802.000,32.2,-40.582945,-65.001044
436337,2021-01-12, 141248.827,32.07,-40.582747,-65.001233
436338,2021-01-12, 141249.000,32.01,-40.582747,-65.001233
438083,2021-01-12, 141751.826,31.91,-40.582696,-65.001285
438084,2021-01-12, 141752.000,31.85,-40.582696,-65.001285
439775,2021-01-12, 142248.825,31.94,-40.582642,-65.001354
439776,2021-01-12, 142249.000,31.89,-40.582642,-65.001354
441503,2021-01-12, 142748.826,31.98,-40.582725,-65.001315
441504,2021-01-12, 142749.000,31.94,-40.582725,-65.001315
443231,2021-01-12, 143249.827,32.02,-40.582733,-65.001256
443232,2021-01-12, 143250.000,31.99,-40.582733,-65.001256
444959,2021-01-12, 143750.827,32.16,-40.582772,-65.001197
444960,2021-01-12, 143751.000,32.12,-40.582772,-65.001197
446705,2021-01-12, 144253.826,32.25,-40.582732,-65.001302
446706,2021-01-12, 144254.000,32.22,-40.582732,-65.001302
448667,2021-01-12, 144833.828,32.79,-40.582718,-65.001278
448668,2021-01-12, 144834.000,32.75,-40.582718,-65.001278
450179,2021-01-12, 145255.826,33.06,-40.582607,-65.001449
450180,2021-01-12, 145256.000,33.02,-40.582607,-65.001449
451907,2021-01-12, 145756.827,32.96,-40.58281,-65.001172
451908,2021-01-12, 145757.000,32.93,-40.58281,-65.001172
453635,2021-01-12, 150257.827,33.03,-40.582541,-65.001333
453636,2021-01-12, 150258.000,33.0,-40.582541,-65.001333
455399,2021-01-12, 150802.826,33.23,-40.582743,-65.001266
455400,2021-01-12, 150803.000,33.2,-40.582743,-65.001266
457109,2021-01-12, 151259.826,33.4,-40.58267,-65.001357
457110,2021-01-12, 151300.000,33.37,-40.58267,-65.001357
458837,2021-01-12, 151801.827,33.54,-40.58264,-65.001337
458838,2021-01-12, 151802.000,33.5,-40.58264,-65.001337
460565,2021-01-12, 152302.827,33.66,-40.582695,-65.001328
460566,2021-01-12, 152303.000,33.62,-40.582695,-65.001328
462293,2021-01-12, 152803.827,33.79,-40.582688,-65.001335
462294,2021-01-12, 152804.000,33.74,-40.582688,-65.001335
464039,2021-01-12, 153305.826,34.09,-40.582691,-65.001327
464040,2021-01-12, 153306.000,34.04,-40.582691,-65.001327
465821,2021-01-12, 153814.827,34.08,-40.582747,-65.001293
465822,2021-01-12, 153815.000,34.04,-40.582747,-65.001293
467513,2021-01-12, 154310.826,34.1,-40.582701,-65.001341
467514,2021-01-12, 154311.000,34.04,-40.582701,-65.001341
469223,2021-01-12, 154808.828,34.15,-40.582718,-65.001328
469224,2021-01-12, 154809.000,34.09,-40.582718,-65.001328
470987,2021-01-12, 155317.826,34.12,-40.582708,-65.001317
470988,2021-01-12, 155318.000,34.07,-40.582708,-65.001317
472751,2021-01-12, 155822.826,34.17,-40.582712,-65.001296
472752,2021-01-12, 155823.000,34.14,-40.582712,-65.001296
474533,2021-01-12, 160333.825,34.27,-40.582716,-65.001306
474534,2021-01-12, 160334.000,34.23,-40.582716,-65.001306
476135,2021-01-12, 160812.825,34.32,-40.582713,-65.001267
476136,2021-01-12, 160813.000,34.27,-40.582713,-65.001267
477863,2021-01-12, 161313.827,34.1,-40.582701,-65.001266
477864,2021-01-12, 161314.000,34.06,-40.582701,-65.001266
479609,2021-01-12, 161815.826,34.03,-40.582719,-65.001299
479610,2021-01-12, 161816.000,33.99,-40.582719,-65.001299
481355,2021-01-12, 162320.826,33.97,-40.582665,-65.001302
481356,2021-01-12, 162321.000,33.94,-40.582665,-65.001302
483065,2021-01-12, 162817.826,33.99,-40.582719,-65.001317
483066,2021-01-12, 162818.000,33.94,-40.582719,-65.001317
484811,2021-01-12, 163321.824,33.99,-40.582713,-65.001273
484812,2021-01-12, 163322.000,33.95,-40.582713,-65.001273
486575,2021-01-12, 163828.827,34.06,-40.582695,-65.001308
486576,2021-01-12, 163829.000,34.02,-40.582695,-65.001308
488285,2021-01-12, 164323.828,34.13,-40.582687,-65.001283
488286,2021-01-12, 164324.000,34.09,-40.582687,-65.001283
489995,2021-01-12, 164822.826,34.09,-40.582692,-65.001312
489996,2021-01-12, 164823.000,34.05,-40.582692,-65.001312
491723,2021-01-12, 165322.826,34.07,-40.582659,-65.001346
491724,2021-01-12, 165323.000,34.02,-40.582659,-65.001346
493451,2021-01-12, 165823.827,34.06,-40.582639,-65.001316
493452,2021-01-12, 165824.000,34.02,-40.582639,-65.001316
495197,2021-01-12, 170325.826,34.03,-40.582707,-65.001296
495198,2021-01-12, 170326.000,33.98,-40.582707,-65.001296
496925,2021-01-12, 170826.827,34.02,-40.582684,-65.001308
496926,2021-01-12, 170827.000,33.98,-40.582684,-65.001308
498671,2021-01-12, 171328.826,34.0,-40.582716,-65.001287
498672,2021-01-12, 171329.000,33.96,-40.582716,-65.001287
500399,2021-01-12, 171829.827,34.03,-40.582705,-65.001322
500400,2021-01-12, 171830.000,33.99,-40.582705,-65.001322
502127,2021-01-12, 172330.827,34.01,-40.582697,-65.001284
502128,2021-01-12, 172331.000,33.97,-40.582697,-65.001284
503855,2021-01-12, 172831.827,34.02,-40.582713,-65.00133
503856,2021-01-12, 172832.000,33.98,-40.582713,-65.00133
505583,2021-01-12, 173331.826,34.04,-40.582681,-65.001227
505584,2021-01-12, 173332.000,34.0,-40.582681,-65.001227
507347,2021-01-12, 173836.826,33.99,-40.582665,-65.001208
507348,2021-01-12, 173837.000,33.96,-40.582665,-65.001208
509057,2021-01-12, 174335.826,34.07,-40.582648,-65.00129
509058,2021-01-12, 174336.000,34.02,-40.582648,-65.00129
510839,2021-01-12, 174847.826,34.08,-40.582643,-65.001347
510840,2021-01-12, 174848.000,34.05,-40.582643,-65.001347
512621,2021-01-12, 175356.827,34.3,-40.582774,-65.001393
512622,2021-01-12, 175357.000,34.27,-40.582774,-65.001393
514331,2021-01-12, 175853.826,34.45,-40.582657,-65.001278
514332,2021-01-12, 175854.000,34.41,-40.582657,-65.001278
516041,2021-01-12, 180352.826,34.39,-40.582392,-65.001174
516042,2021-01-12, 180353.000,34.34,-40.582392,-65.001174
517787,2021-01-12, 180854.826,34.41,-40.582634,-65.00125
517788,2021-01-12, 180855.000,34.35,-40.582634,-65.00125
519515,2021-01-12, 181355.827,34.39,-40.582638,-65.001238
519516,2021-01-12, 181356.000,34.35,-40.582638,-65.001238
521207,2021-01-12, 181848.827,34.34,-40.582723,-65.001322
521208,2021-01-12, 181849.000,34.3,-40.582723,-65.001322
523007,2021-01-12, 182403.824,34.28,-40.582683,-65.001268
523008,2021-01-12, 182404.000,34.25,-40.582683,-65.001268
524627,2021-01-12, 182844.827,34.3,-40.582718,-65.001288
524628,2021-01-12, 182845.000,34.27,-40.582718,-65.001288
526373,2021-01-12, 183347.826,34.11,-40.582732,-65.001261
526374,2021-01-12, 183348.000,34.07,-40.582732,-65.001261
528101,2021-01-12, 183848.827,34.01,-40.582702,-65.001286
528102,2021-01-12, 183849.000,33.97,-40.582702,-65.001286
529829,2021-01-12, 184349.827,33.94,-40.582724,-65.001333
529830,2021-01-12, 184350.000,33.89,-40.582724,-65.001333
531557,2021-01-12, 184850.827,33.89,-40.582696,-65.001228
531558,2021-01-12, 184851.000,33.84,-40.582696,-65.001228
533303,2021-01-12, 185352.826,33.83,-40.582717,-65.001238
533304,2021-01-12, 185353.000,33.79,-40.582717,-65.001238
535031,2021-01-12, 185854.827,33.86,-40.582706,-65.001305
535032,2021-01-12, 185855.000,33.82,-40.582706,-65.001305
536795,2021-01-12, 190401.827,33.88,-40.58273,-65.001258
536796,2021-01-12, 190402.000,33.84,-40.58273,-65.001258
538505,2021-01-12, 190857.827,33.89,-40.582713,-65.001293
538506,2021-01-12, 190858.000,33.85,-40.582713,-65.001293
540233,2021-01-12, 191357.826,33.8,-40.582714,-65.001243
540234,2021-01-12, 191358.000,33.76,-40.582714,-65.001243
541961,2021-01-12, 191858.827,33.76,-40.58273,-65.001263
541962,2021-01-12, 191859.000,33.72,-40.58273,-65.001263
543707,2021-01-12, 192401.826,33.71,-40.582732,-65.001311
543708,2021-01-12, 192402.000,33.66,-40.582732,-65.001311
545417,2021-01-12, 192900.826,33.67,-40.582726,-65.001325
545418,2021-01-12, 192901.000,33.64,-40.582726,-65.001325
547145,2021-01-12, 193400.826,33.61,-40.582703,-65.001327
547146,2021-01-12, 193401.000,33.57,-40.582703,-65.001327
548945,2021-01-12, 193911.828,33.61,-40.582722,-65.001262
548946,2021-01-12, 193912.000,33.56,-40.582722,-65.001262
550619,2021-01-12, 194405.827,33.65,-40.582676,-65.001303
550620,2021-01-12, 194406.000,33.61,-40.582676,-65.001303
552347,2021-01-12, 194906.827,33.56,-40.582717,-65.001332
552348,2021-01-12, 194907.000,33.51,-40.582717,-65.001332
554219,2021-01-12, 195433.824,33.69,-40.582712,-65.001298
554220,2021-01-12, 195434.000,33.64,-40.582712,-65.001298
555785,2021-01-12, 195906.824,33.8,-40.58269,-65.001302
555786,2021-01-12, 195907.000,33.76,-40.58269,-65.001302
557531,2021-01-12, 200408.826,33.57,-40.582728,-65.001328
557532,2021-01-12, 200409.000,33.52,-40.582728,-65.001328
559259,2021-01-12, 200909.827,33.47,-40.582734,-65.001301
559260,2021-01-12, 200910.000,33.43,-40.582734,-65.001301
561005,2021-01-12, 201411.826,33.41,-40.582702,-65.00129
561006,2021-01-12, 201412.000,33.38,-40.582702,-65.00129
562733,2021-01-12, 201912.827,33.38,-40.582681,-65.001324
562734,2021-01-12, 201913.000,33.34,-40.582681,-65.001324
564461,2021-01-12, 202413.827,33.34,-40.58274,-65.00131
564462,2021-01-12, 202414.000,33.29,-40.58274,-65.00131
566189,2021-01-12, 202914.827,33.29,-40.582711,-65.001297
566190,2021-01-12, 202915.000,33.26,-40.582711,-65.001297
567935,2021-01-12, 203416.826,33.24,-40.5827,-65.001345
567936,2021-01-12, 203417.000,33.19,-40.5827,-65.001345
569663,2021-01-12, 203916.826,33.16,-40.582711,-65.0013
569664,2021-01-12, 203917.000,33.12,-40.582711,-65.0013
571391,2021-01-12, 204419.824,33.1,-40.582706,-65.001305
571392,2021-01-12, 204420.000,33.05,-40.582706,-65.001305
573119,2021-01-12, 204920.827,33.04,-40.58272,-65.001298
573120,2021-01-12, 204921.000,33.0,-40.58272,-65.001298
574847,2021-01-12, 205421.827,33.05,-40.582677,-65.001297
574848,2021-01-12, 205422.000,33.0,-40.582677,-65.001297
576629,2021-01-12, 205929.828,33.02,-40.582669,-65.001437
576630,2021-01-12, 205930.000,32.98,-40.582669,-65.001437
578339,2021-01-12, 210428.826,33.02,-40.582701,-65.001349
578340,2021-01-12, 210429.000,32.99,-40.582701,-65.001349
580049,2021-01-12, 210924.827,32.97,-40.582724,-65.001306
580050,2021-01-12, 210925.000,32.94,-40.582724,-65.001306
581831,2021-01-12, 211435.825,32.92,-40.582723,-65.001296
581832,2021-01-12, 211436.000,32.88,-40.582723,-65.001296
583577,2021-01-12, 211938.826,32.99,-40.582693,-65.001345
583578,2021-01-12, 211939.000,32.95,-40.582693,-65.001345
585287,2021-01-12, 212434.827,32.99,-40.582681,-65.001335
585288,2021-01-12, 212435.000,32.94,-40.582681,-65.001335
587069,2021-01-12, 212944.826,32.97,-40.582711,-65.001305
587070,2021-01-12, 212945.000,32.92,-40.582711,-65.001305
588725,2021-01-12, 213432.826,32.94,-40.582739,-65.001308
588726,2021-01-12, 213433.000,32.9,-40.582739,-65.001308
590471,2021-01-12, 213934.826,32.8,-40.58274,-65.001246
590472,2021-01-12, 213935.000,32.75,-40.58274,-65.001246
592253,2021-01-12, 214447.827,32.79,-40.582756,-65.001187
592254,2021-01-12, 214448.000,32.76,-40.582756,-65.001187
593909,2021-01-12, 214936.827,32.77,-40.582776,-65.001302
593910,2021-01-12, 214937.000,32.73,-40.582776,-65.001302
595655,2021-01-12, 215440.824,32.64,-40.582677,-65.001307
595656,2021-01-12, 215441.000,32.58,-40.582677,-65.001307
597509,2021-01-12, 220002.827,32.68,-40.582693,-65.001306
597510,2021-01-12, 220003.000,32.65,-40.582693,-65.001306
599093,2021-01-12, 220438.827,32.72,-40.582676,-65.001308
599094,2021-01-12, 220439.000,32.67,-40.582676,-65.001308
600803,2021-01-12, 220936.827,32.48,-40.582715,-65.001296
600804,2021-01-12, 220937.000,32.44,-40.582715,-65.001296
602549,2021-01-12, 221439.826,32.33,-40.582696,-65.001282
602550,2021-01-12, 221440.000,32.29,-40.582696,-65.001282
604295,2021-01-12, 221942.826,32.27,-40.582669,-65.00131
604296,2021-01-12, 221943.000,32.22,-40.582669,-65.00131
606023,2021-01-12, 222443.827,32.13,-40.582744,-65.001256
606024,2021-01-12, 222444.000,32.11,-40.582744,-65.001256
607751,2021-01-12, 222943.826,32.09,-40.58272,-65.001323
607752,2021-01-12, 222944.000,32.05,-40.58272,-65.001323
609497,2021-01-12, 223445.826,32.03,-40.582677,-65.001317
609498,2021-01-12, 223446.000,31.98,-40.582677,-65.001317
611225,2021-01-12, 223947.827,31.95,-40.582701,-65.001299
611226,2021-01-12, 223948.000,31.91,-40.582701,-65.001299
612953,2021-01-12, 224448.827,31.87,-40.582708,-65.001326
612954,2021-01-12, 224449.000,31.84,-40.582708,-65.001326
614735,2021-01-12, 224957.827,31.88,-40.582703,-65.001286
614736,2021-01-12, 224958.000,31.82,-40.582703,-65.001286
616427,2021-01-12, 225450.827,31.89,-40.582679,-65.001326
616428,2021-01-12, 225451.000,31.84,-40.582679,-65.001326
618155,2021-01-12, 225952.827,31.81,-40.582735,-65.001407
618156,2021-01-12, 225953.000,31.74,-40.582735,-65.001407
619883,2021-01-12, 230453.827,31.72,-40.582723,-65.001457
619884,2021-01-12, 230454.000,31.67,-40.582723,-65.001457
621629,2021-01-12, 230957.824,31.62,-40.58271,-65.001286
621630,2021-01-12, 230958.000,31.59,-40.58271,-65.001286
623357,2021-01-12, 231458.827,31.59,-40.582677,-65.001428
623358,2021-01-12, 231459.000,31.55,-40.582677,-65.001428
625085,2021-01-12, 231959.827,31.56,-40.582772,-65.00124
625086,2021-01-12, 232000.000,31.52,-40.582772,-65.00124
626813,2021-01-12, 232500.827,31.5,-40.582735,-65.001327
626814,2021-01-12, 232501.000,31.47,-40.582735,-65.001327
628559,2021-01-12, 233003.826,31.44,-40.582774,-65.001335
628560,2021-01-12, 233004.000,31.4,-40.582774,-65.001335
630269,2021-01-12, 233500.826,31.38,-40.582642,-65.001367
630270,2021-01-12, 233501.000,31.35,-40.582642,-65.001367
631997,2021-01-12, 234001.827,31.27,-40.582675,-65.001307
631998,2021-01-12, 234002.000,31.24,-40.582675,-65.001307
633725,2021-01-12, 234503.826,31.19,-40.582666,-65.001305
633726,2021-01-12, 234504.000,31.15,-40.582666,-65.001305
635471,2021-01-12, 235008.826,31.1,-40.582717,-65.001318
635472,2021-01-12, 235009.000,31.06,-40.582717,-65.001318
637235,2021-01-12, 235513.826,31.12,-40.582287,-65.000728
637236,2021-01-12, 235514.000,31.08,-40.582287,-65.000728
638981,2021-01-13, 000018.826,31.13,-40.582907,-65.001424
638982,2021-01-13, 000019.000,31.11,-40.582907,-65.001424
640799,2021-01-13, 000533.827,31.27,-40.582717,-65.001289
640800,2021-01-13, 000534.000,31.23,-40.582717,-65.001289
642455,2021-01-13, 001021.826,31.3,-40.582218,-65.00133
642456,2021-01-13, 001022.000,31.26,-40.582218,-65.00133
644111,2021-01-13, 001510.827,31.15,-40.582805,-65.001285
644112,2021-01-13, 001511.000,31.11,-40.582805,-65.001285
645839,2021-01-13, 002010.826,30.89,-40.582832,-65.001208
645840,2021-01-13, 002011.000,30.85,-40.582832,-65.001208
647585,2021-01-13, 002513.826,30.74,-40.582726,-65.001238
647586,2021-01-13, 002514.000,30.7,-40.582726,-65.001238
649313,2021-01-13, 003014.827,30.63,-40.58272,-65.001295
649314,2021-01-13, 003015.000,30.59,-40.58272,-65.001295
651059,2021-01-13, 003518.824,30.54,-40.582733,-65.001289
651060,2021-01-13, 003519.000,30.51,-40.582733,-65.001289
652787,2021-01-13, 004018.826,30.49,-40.582691,-65.001294
652788,2021-01-13, 004019.000,30.44,-40.582691,-65.001294
654533,2021-01-13, 004520.826,30.39,-40.582585,-65.001319
654534,2021-01-13, 004521.000,30.35,-40.582585,-65.001319
656405,2021-01-13, 005045.826,30.49,-40.582419,-65.001431
656406,2021-01-13, 005046.000,30.46,-40.582419,-65.001431
658151,2021-01-13, 005551.826,30.76,-40.582618,-65.001322
658152,2021-01-13, 005552.000,30.72,-40.582618,-65.001322
659699,2021-01-13, 010019.826,30.6,-40.582593,-65.001305
659700,2021-01-13, 010020.000,30.55,-40.582593,-65.001305
661445,2021-01-13, 010521.826,30.22,-40.582702,-65.001299
661446,2021-01-13, 010522.000,30.17,-40.582702,-65.001299
663173,2021-01-13, 011023.827,29.99,-40.58271,-65.001264
663174,2021-01-13, 011024.000,29.93,-40.58271,-65.001264
664901,2021-01-13, 011523.826,29.83,-40.58268,-65.001263
664902,2021-01-13, 011524.000,29.78,-40.58268,-65.001263
666629,2021-01-13, 012024.827,29.67,-40.582724,-65.001292
666630,2021-01-13, 012025.000,29.63,-40.582724,-65.001292
668375,2021-01-13, 012526.826,29.55,-40.582679,-65.001311
668376,2021-01-13, 012527.000,29.5,-40.582679,-65.001311
670103,2021-01-13, 013028.827,29.46,-40.582676,-65.00123
670104,2021-01-13, 013029.000,29.41,-40.582676,-65.00123
671831,2021-01-13, 013528.826,29.36,-40.582487,-65.001271
671832,2021-01-13, 013529.000,29.33,-40.582487,-65.001271
673541,2021-01-13, 014029.827,29.26,-40.582681,-65.00127
673542,2021-01-13, 014030.000,29.21,-40.582681,-65.00127
675269,2021-01-13, 014530.827,29.2,-40.582664,-65.001336
675270,2021-01-13, 014531.000,29.14,-40.582664,-65.001336
677015,2021-01-13, 015032.826,29.1,-40.582673,-65.001292
677016,2021-01-13, 015033.000,29.05,-40.582673,-65.001292
678743,2021-01-13, 015533.827,28.96,-40.582692,-65.001307
678744,2021-01-13, 015534.000,28.93,-40.582692,-65.001307
680489,2021-01-13, 020037.824,28.9,-40.582707,-65.001279
680490,2021-01-13, 020038.000,28.86,-40.582707,-65.001279
682235,2021-01-13, 020539.826,28.91,-40.582667,-65.001295
682236,2021-01-13, 020540.000,28.86,-40.582667,-65.001295
683963,2021-01-13, 021039.826,28.84,-40.582742,-65.001292
683964,2021-01-13, 021040.000,28.81,-40.582742,-65.001292
685781,2021-01-13, 021556.825,28.84,-40.582575,-65.001226
685782,2021-01-13, 021557.000,28.8,-40.582575,-65.001226
687419,2021-01-13, 022042.825,28.79,-40.582709,-65.001306
687420,2021-01-13, 022043.000,28.75,-40.582709,-65.001306
689147,2021-01-13, 022541.826,28.55,-40.582639,-65.001294
689148,2021-01-13, 022542.000,28.51,-40.582639,-65.001294
690929,2021-01-13, 023050.827,28.42,-40.582719,-65.001303
690930,2021-01-13, 023051.000,28.4,-40.582719,-65.001303
692621,2021-01-13, 023544.827,28.38,-40.582703,-65.001321
692622,2021-01-13, 023545.000,28.34,-40.582703,-65.001321
694421,2021-01-13, 024058.827,28.18,-40.583155,-65.001402
694422,2021-01-13, 024059.000,28.14,-40.583155,-65.001402
696077,2021-01-13, 024545.827,28.14,-40.582716,-65.001296
696078,2021-01-13, 024546.000,28.1,-40.582716,-65.001296
697823,2021-01-13, 025049.824,27.89,-40.582742,-65.001267
697824,2021-01-13, 025050.000,27.84,-40.582742,-65.001267
699587,2021-01-13, 025555.827,27.77,-40.582727,-65.001269
699588,2021-01-13, 025556.000,27.73,-40.582727,-65.001269
701297,2021-01-13, 030053.827,27.75,-40.58273,-65.0013
701298,2021-01-13, 030054.000,27.71,-40.58273,-65.0013
703187,2021-01-13, 030621.828,27.95,-40.582705,-65.001272
703188,2021-01-13, 030622.000,27.9,-40.582705,-65.001272
704735,2021-01-13, 031050.825,28.02,-40.582623,-65.001276
704736,2021-01-13, 031051.000,27.97,-40.582623,-65.001276
706481,2021-01-13, 031553.826,27.67,-40.582657,-65.00126
706482,2021-01-13, 031554.000,27.65,-40.582657,-65.00126
708227,2021-01-13, 032056.826,27.58,-40.582684,-65.00126
708228,2021-01-13, 032057.000,27.53,-40.582684,-65.00126
709973,2021-01-13, 032600.824,27.54,-40.582541,-65.001286
709974,2021-01-13, 032601.000,27.49,-40.582541,-65.001286
711683,2021-01-13, 033057.826,27.51,-40.582837,-65.001298
711684,2021-01-13, 033058.000,27.47,-40.582837,-65.001298
713411,2021-01-13, 033558.827,27.41,-40.582718,-65.001242
713412,2021-01-13, 033559.000,27.36,-40.582718,-65.001242
715121,2021-01-13, 034059.827,27.29,-40.582673,-65.001283
715122,2021-01-13, 034100.000,27.24,-40.582673,-65.001283
716903,2021-01-13, 034609.826,27.27,-40.582982,-65.001425
716904,2021-01-13, 034610.000,27.24,-40.582982,-65.001425
718649,2021-01-13, 035113.824,27.39,-40.58271,-65.001334
718650,2021-01-13, 035114.000,27.34,-40.58271,-65.001334
720503,2021-01-13, 035633.827,27.62,-40.582695,-65.001293
720504,2021-01-13, 035634.000,27.57,-40.582695,-65.001293
722051,2021-01-13, 040102.825,27.62,-40.582711,-65.001261
722052,2021-01-13, 040103.000,27.56,-40.582711,-65.001261
723779,2021-01-13, 040604.827,27.29,-40.582687,-65.001276
723780,2021-01-13, 040605.000,27.26,-40.582687,-65.001276
725507,2021-01-13, 041104.826,27.1,-40.582754,-65.001209
725508,2021-01-13, 041105.000,27.06,-40.582754,-65.001209
727253,2021-01-13, 041608.824,27.0,-40.582669,-65.001288
727254,2021-01-13, 041609.000,26.96,-40.582669,-65.001288
728999,2021-01-13, 042110.826,26.98,-40.582698,-65.001285
729000,2021-01-13, 042111.000,26.94,-40.582698,-65.001285
730709,2021-01-13, 042608.827,26.94,-40.582663,-65.00128
730710,2021-01-13, 042609.000,26.88,-40.582663,-65.00128
732455,2021-01-13, 043110.826,26.85,-40.582732,-65.001278
732456,2021-01-13, 043111.000,26.81,-40.582732,-65.001278
734165,2021-01-13, 043610.824,26.78,-40.582641,-65.001288
734166,2021-01-13, 043611.000,26.65,-40.582641,-65.001288
735911,2021-01-13, 044112.826,26.67,-40.582696,-65.001314
735912,2021-01-13, 044113.000,26.63,-40.582696,-65.001314
737657,2021-01-13, 044616.824,26.65,-40.582687,-65.001316
737658,2021-01-13, 044617.000,26.62,-40.582687,-65.001316
739385,2021-01-13, 045117.827,26.66,-40.582678,-65.001276
739386,2021-01-13, 045118.000,26.62,-40.582678,-65.001276
741113,2021-01-13, 045617.826,26.62,-40.582681,-65.001296
741114,2021-01-13, 045618.000,26.59,-40.582681,-65.001296
742841,2021-01-13, 050117.826,26.57,-40.582662,-65.001234
742842,2021-01-13, 050118.000,26.51,-40.582662,-65.001234
744569,2021-01-13, 050618.827,26.51,-40.582664,-65.001304
744570,2021-01-13, 050619.000,26.47,-40.582664,-65.001304
746315,2021-01-13, 051120.826,26.44,-40.582698,-65.001259
746316,2021-01-13, 051121.000,26.39,-40.582698,-65.001259
748043,2021-01-13, 051622.827,26.39,-40.582727,-65.001312
748044,2021-01-13, 051623.000,26.35,-40.582727,-65.001312
749771,2021-01-13, 052122.826,26.37,-40.582594,-65.001396
749772,2021-01-13, 052123.000,26.32,-40.582594,-65.001396
751517,2021-01-13, 052624.826,26.34,-40.582636,-65.001289
751518,2021-01-13, 052625.000,26.29,-40.582636,-65.001289
753245,2021-01-13, 053125.827,26.28,-40.582741,-65.001329
753246,2021-01-13, 053126.000,26.23,-40.582741,-65.001329
754973,2021-01-13, 053626.827,26.24,-40.582721,-65.001299
754974,2021-01-13, 053627.000,26.18,-40.582721,-65.001299
756683,2021-01-13, 054127.827,26.15,-40.582653,-65.001265
756684,2021-01-13, 054128.000,26.11,-40.582653,-65.001265
758429,2021-01-13, 054631.824,26.08,-40.582699,-65.001298
758430,2021-01-13, 054632.000,26.04,-40.582699,-65.001298
760229,2021-01-13, 055144.827,26.13,-40.582717,-65.001318
760230,2021-01-13, 055145.000,26.09,-40.582717,-65.001318
761921,2021-01-13, 055639.827,26.17,-40.582625,-65.001278
761922,2021-01-13, 055640.000,26.12,-40.582625,-65.001278
763775,2021-01-13, 060202.825,26.33,-40.5827,-65.001289
763776,2021-01-13, 060203.000,26.29,-40.5827,-65.001289
765341,2021-01-13, 060633.828,26.3,-40.582686,-65.001382
765342,2021-01-13, 060634.000,26.27,-40.582686,-65.001382
767069,2021-01-13, 061135.827,26.0,-40.582755,-65.001233
767070,2021-01-13, 061136.000,25.96,-40.582755,-65.001233
768797,2021-01-13, 061636.827,25.87,-40.58271,-65.001216
768798,2021-01-13, 061637.000,25.84,-40.58271,-65.001216
770615,2021-01-13, 062150.828,25.85,-40.583147,-65.000936
770616,2021-01-13, 062151.000,25.8,-40.583147,-65.000936
772307,2021-01-13, 062646.826,25.87,-40.582926,-65.001149
772308,2021-01-13, 062647.000,25.82,-40.582926,-65.001149
773999,2021-01-13, 063140.827,25.76,-40.582659,-65.001266
774000,2021-01-13, 063141.000,25.72,-40.582659,-65.001266
775727,2021-01-13, 063641.827,25.62,-40.582718,-65.001259
775852,2021-01-13, 151821.824,39.93,-40.582614,-65.000753
775853,2021-01-13, 151822.000,39.91,-40.582614,-65.000753
777364,2021-01-13, 152242.827,41.06,-40.582597,-65.000806
777365,2021-01-13, 152243.000,41.02,-40.582597,-65.000806
779092,2021-01-13, 152744.827,39.59,-40.582627,-65.000747
779093,2021-01-13, 152745.000,39.56,-40.582627,-65.000747
780838,2021-01-13, 153246.826,38.52,-40.582598,-65.000906
780839,2021-01-13, 153247.000,38.48,-40.582598,-65.000906
782566,2021-01-13, 153746.826,44.49,-40.582614,-65.000873
782567,2021-01-13, 153747.000,44.46,-40.582614,-65.000873
784384,2021-01-13, 154303.825,51.22,-40.582637,-65.001197
784385,2021-01-13, 154304.000,51.19,-40.582637,-65.001197
786220,2021-01-13, 154821.827,53.98,-40.582737,-65.00121
786221,2021-01-13, 154822.000,53.94,-40.582737,-65.00121
787750,2021-01-13, 155249.825,53.03,-40.582707,-65.001323
787751,2021-01-13, 155250.000,52.97,-40.582707,-65.001323
789496,2021-01-13, 155751.826,45.92,-40.582721,-65.001326
789497,2021-01-13, 155752.000,45.88,-40.582721,-65.001326
791224,2021-01-13, 160252.827,43.09,-40.582697,-65.001238
791225,2021-01-13, 160253.000,43.05,-40.582697,-65.001238
792952,2021-01-13, 160754.826,41.52,-40.582766,-65.001376
792953,2021-01-13, 160755.000,41.48,-40.582766,-65.001376
794680,2021-01-13, 161255.827,40.44,-40.582673,-65.001339
794681,2021-01-13, 161256.000,40.39,-40.582673,-65.001339
796426,2021-01-13, 161759.824,39.38,-40.582631,-65.001198
796427,2021-01-13, 161800.000,39.33,-40.582631,-65.001198
798154,2021-01-13, 162258.826,38.83,-40.582684,-65.001308
798155,2021-01-13, 162259.000,38.8,-40.582684,-65.001308
799882,2021-01-13, 162758.826,38.15,-40.582696,-65.001301
799883,2021-01-13, 162759.000,38.12,-40.582696,-65.001301
801610,2021-01-13, 163258.826,37.58,-40.58268,-65.00132
801611,2021-01-13, 163259.000,37.54,-40.58268,-65.00132
803356,2021-01-13, 163802.824,37.21,-40.582703,-65.001323
803357,2021-01-13, 163803.000,37.17,-40.582703,-65.001323
805084,2021-01-13, 164302.826,36.98,-40.582715,-65.001295
805085,2021-01-13, 164303.000,36.93,-40.582715,-65.001295
806812,2021-01-13, 164802.826,36.83,-40.582725,-65.001302
806813,2021-01-13, 164803.000,36.78,-40.582725,-65.001302
808540,2021-01-13, 165304.827,36.67,-40.582705,-65.001303
808541,2021-01-13, 165305.000,36.64,-40.582705,-65.001303
810322,2021-01-13, 165814.826,36.58,-40.58292,-65.001308
810323,2021-01-13, 165815.000,36.55,-40.58292,-65.001308
812032,2021-01-13, 170309.828,36.61,-40.582711,-65.001335
812033,2021-01-13, 170310.000,36.59,-40.582711,-65.001335
813742,2021-01-13, 170807.827,36.58,-40.582718,-65.001324
813743,2021-01-13, 170808.000,36.54,-40.582718,-65.001324
815470,2021-01-13, 171309.827,36.55,-40.582673,-65.001343
815471,2021-01-13, 171310.000,36.49,-40.582673,-65.001343
817198,2021-01-13, 171809.826,36.57,-40.582666,-65.001355
817199,2021-01-13, 171810.000,36.51,-40.582666,-65.001355
818944,2021-01-13, 172311.826,36.4,-40.582704,-65.001319
818945,2021-01-13, 172312.000,36.37,-40.582704,-65.001319
820672,2021-01-13, 172812.827,36.26,-40.582697,-65.001333
820673,2021-01-13, 172813.000,36.22,-40.582697,-65.001333
822454,2021-01-13, 173322.826,36.17,-40.582703,-65.001317
822455,2021-01-13, 173323.000,36.14,-40.582703,-65.001317
824182,2021-01-13, 173822.826,36.18,-40.582673,-65.001309
824183,2021-01-13, 173823.000,36.16,-40.582673,-65.001309
825910,2021-01-13, 174322.826,36.24,-40.582644,-65.001184
825911,2021-01-13, 174323.000,36.19,-40.582644,-65.001184
827656,2021-01-13, 174826.824,36.26,-40.5827,-65.001257
827657,2021-01-13, 174827.000,36.22,-40.5827,-65.001257
829456,2021-01-13, 175338.826,36.37,-40.582785,-65.00143
829457,2021-01-13, 175339.000,36.34,-40.582785,-65.00143
831148,2021-01-13, 175834.826,36.39,-40.582679,-65.001253
831149,2021-01-13, 175835.000,36.37,-40.582679,-65.001253
833128,2021-01-13, 180421.828,37.02,-40.582704,-65.001207
833129,2021-01-13, 180422.000,36.99,-40.582704,-65.001207
834604,2021-01-13, 180836.827,37.03,-40.582724,-65.001204
834605,2021-01-13, 180837.000,36.99,-40.582724,-65.001204
836350,2021-01-13, 181341.826,36.8,-40.582657,-65.001592
836351,2021-01-13, 181342.000,36.76,-40.582657,-65.001592
838132,2021-01-13, 181850.827,37.25,-40.58272,-65.00128
838133,2021-01-13, 181851.000,37.21,-40.58272,-65.00128
839896,2021-01-13, 182358.825,37.81,-40.582707,-65.001317
839897,2021-01-13, 182359.000,37.77,-40.582707,-65.001317
841444,2021-01-13, 182826.826,37.97,-40.582716,-65.001272
841445,2021-01-13, 182827.000,37.92,-40.582716,-65.001272
843172,2021-01-13, 183328.827,37.84,-40.582706,-65.001322
843173,2021-01-13, 183329.000,37.81,-40.582706,-65.001322
844900,2021-01-13, 183829.827,37.77,-40.582708,-65.001334
844901,2021-01-13, 183830.000,37.73,-40.582708,-65.001334
846646,2021-01-13, 184331.826,37.68,-40.582693,-65.001378
846647,2021-01-13, 184332.000,37.63,-40.582693,-65.001378
848392,2021-01-13, 184836.826,37.64,-40.582719,-65.001109
848393,2021-01-13, 184837.000,37.6,-40.582719,-65.001109
850120,2021-01-13, 185334.828,37.6,-40.582714,-65.001333
850121,2021-01-13, 185335.000,37.57,-40.582714,-65.001333
852082,2021-01-13, 185912.827,37.87,-40.582697,-65.001379
852083,2021-01-13, 185913.000,37.84,-40.582697,-65.001379
853594,2021-01-13, 190336.825,37.87,-40.582715,-65.001329
853595,2021-01-13, 190337.000,37.83,-40.582715,-65.001329
855304,2021-01-13, 190834.827,37.66,-40.582706,-65.001313
855305,2021-01-13, 190835.000,37.62,-40.582706,-65.001313
857032,2021-01-13, 191335.827,37.54,-40.582738,-65.001289
857033,2021-01-13, 191336.000,37.49,-40.582738,-65.001289
858760,2021-01-13, 191836.827,37.4,-40.582701,-65.001305
858761,2021-01-13, 191837.000,37.37,-40.582701,-65.001305
860488,2021-01-13, 192337.827,37.33,-40.582666,-65.001306
860489,2021-01-13, 192338.000,37.26,-40.582666,-65.001306
862216,2021-01-13, 192838.827,37.21,-40.582732,-65.00131
862217,2021-01-13, 192839.000,37.17,-40.582732,-65.00131
863980,2021-01-13, 193343.826,36.95,-40.582694,-65.001298
863981,2021-01-13, 193344.000,36.92,-40.582694,-65.001298
865762,2021-01-13, 193853.826,36.97,-40.582865,-65.001874
865763,2021-01-13, 193854.000,36.94,-40.582865,-65.001874
867436,2021-01-13, 194344.827,36.92,-40.582724,-65.001383
867437,2021-01-13, 194345.000,36.89,-40.582724,-65.001383
869182,2021-01-13, 194847.826,36.81,-40.582741,-65.001384
869183,2021-01-13, 194848.000,36.76,-40.582741,-65.001384
870928,2021-01-13, 195352.826,36.65,-40.582779,-65.001443
870929,2021-01-13, 195353.000,36.6,-40.582779,-65.001443
872710,2021-01-13, 195901.827,36.49,-40.582703,-65.001316
872711,2021-01-13, 195902.000,36.46,-40.582703,-65.001316
874330,2021-01-13, 200346.825,36.4,-40.582648,-65.00127
874331,2021-01-13, 200347.000,36.37,-40.582648,-65.00127
876148,2021-01-13, 200901.827,36.33,-40.58298,-65.001604
876149,2021-01-13, 200902.000,36.31,-40.58298,-65.001604
877840,2021-01-13, 201354.827,36.28,-40.582699,-65.001327
877841,2021-01-13, 201355.000,36.24,-40.582699,-65.001327
879568,2021-01-13, 201854.826,36.26,-40.582732,-65.001387
879569,2021-01-13, 201855.000,36.2,-40.582732,-65.001387
881278,2021-01-13, 202354.824,36.06,-40.582698,-65.001305
881279,2021-01-13, 202355.000,36.0,-40.582698,-65.001305
883006,2021-01-13, 202855.827,35.96,-40.582717,-65.001338
883007,2021-01-13, 202856.000,35.92,-40.582717,-65.001338
884788,2021-01-13, 203403.828,35.84,-40.582633,-65.00117
884789,2021-01-13, 203404.000,35.8,-40.582633,-65.00117
886534,2021-01-13, 203908.826,35.84,-40.582677,-65.001267
886535,2021-01-13, 203909.000,35.81,-40.582677,-65.001267
888262,2021-01-13, 204408.826,35.86,-40.58253,-65.001078
888263,2021-01-13, 204409.000,35.82,-40.58253,-65.001078
890080,2021-01-13, 204924.825,35.97,-40.582606,-65.001196
890081,2021-01-13, 204925.000,35.93,-40.582606,-65.001196
891700,2021-01-13, 205404.828,35.88,-40.582692,-65.001285
891701,2021-01-13, 205405.000,35.84,-40.582692,-65.001285
893464,2021-01-13, 205910.827,35.69,-40.582637,-65.001207
893465,2021-01-13, 205911.000,35.65,-40.582637,-65.001207
895300,2021-01-13, 210430.827,35.8,-40.582662,-65.001289
895301,2021-01-13, 210431.000,35.78,-40.582662,-65.001289
896866,2021-01-13, 210901.828,35.82,-40.582652,-65.00136
896867,2021-01-13, 210902.000,35.78,-40.582652,-65.00136
898594,2021-01-13, 211402.827,35.55,-40.582753,-65.001202
898595,2021-01-13, 211403.000,35.51,-40.582753,-65.001202
900322,2021-01-13, 211904.827,35.35,-40.582666,-65.001301
900323,2021-01-13, 211905.000,35.32,-40.582666,-65.001301
902068,2021-01-13, 212407.826,35.16,-40.582688,-65.001305
902069,2021-01-13, 212408.000,35.12,-40.582688,-65.001305
903814,2021-01-13, 212910.826,35.07,-40.582707,-65.001293
903815,2021-01-13, 212911.000,35.02,-40.582707,-65.001293
905542,2021-01-13, 213410.826,34.9,-40.582689,-65.001322
905543,2021-01-13, 213411.000,34.85,-40.582689,-65.001322
907306,2021-01-13, 213916.827,34.77,-40.582727,-65.001271
907307,2021-01-13, 213917.000,34.74,-40.582727,-65.001271
908998,2021-01-13, 214412.826,34.63,-40.582696,-65.001334
908999,2021-01-13, 214413.000,34.6,-40.582696,-65.001334
910744,2021-01-13, 214914.826,34.58,-40.58269,-65.001315
910745,2021-01-13, 214915.000,34.55,-40.58269,-65.001315
912472,2021-01-13, 215416.827,34.53,-40.582726,-65.001346
912473,2021-01-13, 215417.000,34.49,-40.582726,-65.001346
914182,2021-01-13, 215913.826,34.48,-40.582697,-65.001348
914183,2021-01-13, 215914.000,34.44,-40.582697,-65.001348
915910,2021-01-13, 220416.826,34.37,-40.582743,-65.001267
915911,2021-01-13, 220417.000,34.33,-40.582743,-65.001267
917656,2021-01-13, 220919.826,34.32,-40.582754,-65.001381
917657,2021-01-13, 220920.000,34.27,-40.582754,-65.001381
919366,2021-01-13, 221418.826,34.27,-40.582736,-65.001211
919367,2021-01-13, 221419.000,34.24,-40.582736,-65.001211
921094,2021-01-13, 221919.827,34.2,-40.582709,-65.001363
921095,2021-01-13, 221920.000,34.15,-40.582709,-65.001363
922840,2021-01-13, 222422.826,34.14,-40.582672,-65.001281
922841,2021-01-13, 222423.000,34.09,-40.582672,-65.001281
924568,2021-01-13, 222921.826,34.07,-40.582724,-65.001315
924569,2021-01-13, 222922.000,34.03,-40.582724,-65.001315
926314,2021-01-13, 223424.826,34.04,-40.582704,-65.001223
926315,2021-01-13, 223425.000,33.99,-40.582704,-65.001223
928024,2021-01-13, 223923.826,33.99,-40.582729,-65.001369
928025,2021-01-13, 223924.000,33.92,-40.582729,-65.001369
929752,2021-01-13, 224424.827,33.88,-40.582738,-65.001212
929753,2021-01-13, 224425.000,33.84,-40.582738,-65.001212
931498,2021-01-13, 224926.826,33.8,-40.58273,-65.00121
931499,2021-01-13, 224927.000,33.77,-40.58273,-65.00121
933226,2021-01-13, 225428.827,33.78,-40.582708,-65.00138
933227,2021-01-13, 225429.000,33.73,-40.582708,-65.00138
934972,2021-01-13, 225932.824,33.75,-40.582729,-65.001456
934973,2021-01-13, 225933.000,33.71,-40.582729,-65.001456
936700,2021-01-13, 230433.827,33.75,-40.58273,-65.001362
936701,2021-01-13, 230434.000,33.71,-40.58273,-65.001362
938482,2021-01-13, 230942.827,33.77,-40.582746,-65.0017
938483,2021-01-13, 230943.000,33.73,-40.582746,-65.0017
940318,2021-01-13, 231500.827,34.02,-40.582728,-65.00133
940319,2021-01-13, 231501.000,33.98,-40.582728,-65.00133
941884,2021-01-13, 231932.826,34.01,-40.582645,-65.001337
941885,2021-01-13, 231933.000,33.97,-40.582645,-65.001337
943612,2021-01-13, 232434.827,33.7,-40.58271,-65.001324
943613,2021-01-13, 232435.000,33.66,-40.58271,-65.001324
945340,2021-01-13, 232935.827,33.45,-40.582718,-65.001344
945341,2021-01-13, 232936.000,33.41,-40.582718,-65.001344
947068,2021-01-13, 233436.827,33.39,-40.582696,-65.001271
947069,2021-01-13, 233437.000,33.35,-40.582696,-65.001271
948796,2021-01-13, 233937.827,33.33,-40.582652,-65.001295
948797,2021-01-13, 233938.000,33.29,-40.582652,-65.001295
950542,2021-01-13, 234441.824,33.25,-40.582725,-65.001329
950543,2021-01-13, 234442.000,33.22,-40.582725,-65.001329
952270,2021-01-13, 234942.827,33.26,-40.58263,-65.001293
952271,2021-01-13, 234943.000,33.22,-40.58263,-65.001293
953998,2021-01-13, 235442.826,33.19,-40.582639,-65.001269
953999,2021-01-13, 235443.000,33.16,-40.582639,-65.001269
955816,2021-01-13, 235956.828,33.2,-40.583044,-65.000717
955817,2021-01-13, 235957.000,33.16,-40.583044,-65.000717
957454,2021-01-14, 000445.827,33.19,-40.582633,-65.001294
957455,2021-01-14, 000446.000,33.14,-40.582633,-65.001294
959182,2021-01-14, 000945.826,33.02,-40.582592,-65.001342
959183,2021-01-14, 000946.000,32.97,-40.582592,-65.001342
960910,2021-01-14, 001445.826,32.89,-40.582756,-65.001298
960911,2021-01-14, 001446.000,32.86,-40.582756,-65.001298
962656,2021-01-14, 001950.826,32.84,-40.582765,-65.001294
962657,2021-01-14, 001951.000,32.79,-40.582765,-65.001294
964384,2021-01-14, 002450.826,32.82,-40.582661,-65.001279
964385,2021-01-14, 002451.000,32.79,-40.582661,-65.001279
966112,2021-01-14, 002949.826,32.82,-40.582729,-65.001312
966113,2021-01-14, 002950.000,32.75,-40.582729,-65.001312
967840,2021-01-14, 003449.826,32.95,-40.582837,-65.001309
967841,2021-01-14, 003450.000,32.9,-40.582837,-65.001309
969586,2021-01-14, 003952.826,33.08,-40.582676,-65.001362
969587,2021-01-14, 003953.000,33.04,-40.582676,-65.001362
971314,2021-01-14, 004453.827,33.22,-40.582651,-65.001223
971315,2021-01-14, 004454.000,33.19,-40.582651,-65.001223
973042,2021-01-14, 004953.826,33.23,-40.582737,-65.001304
973043,2021-01-14, 004954.000,33.17,-40.582737,-65.001304
974788,2021-01-14, 005458.826,33.14,-40.582743,-65.001435
974789,2021-01-14, 005459.000,33.09,-40.582743,-65.001435
976534,2021-01-14, 010000.826,33.11,-40.58272,-65.001278
976535,2021-01-14, 010001.000,33.08,-40.58272,-65.001278
978316,2021-01-14, 010510.826,33.12,-40.58269,-65.001244
978317,2021-01-14, 010511.000,33.09,-40.58269,-65.001244
980116,2021-01-14, 011022.826,33.26,-40.582744,-65.001346
980117,2021-01-14, 011023.000,33.22,-40.582744,-65.001346
981772,2021-01-14, 011512.825,33.25,-40.582758,-65.00117
981773,2021-01-14, 011513.000,33.21,-40.582758,-65.00117
983500,2021-01-14, 012012.826,33.16,-40.58267,-65.001318
983501,2021-01-14, 012013.000,33.1,-40.58267,-65.001318
985300,2021-01-14, 012524.826,33.15,-40.582662,-65.001255
985301,2021-01-14, 012525.000,33.11,-40.582662,-65.001255
987064,2021-01-14, 013032.825,33.22,-40.582674,-65.00119
987065,2021-01-14, 013033.000,33.19,-40.582674,-65.00119
988792,2021-01-14, 013530.828,31.92,-40.582693,-65.001294
988793,2021-01-14, 013531.000,31.88,-40.582693,-65.001294
990358,2021-01-14, 014005.823,29.42,-40.582704,-65.00134
990359,2021-01-14, 014006.000,29.39,-40.582704,-65.00134
992104,2021-01-14, 014509.824,27.53,-40.582696,-65.001317
992105,2021-01-14, 014510.000,27.49,-40.582696,-65.001317
993832,2021-01-14, 015008.826,25.99,-40.582629,-65.00123
993833,2021-01-14, 015009.000,25.94,-40.582629,-65.00123
995596,2021-01-14, 015515.827,24.84,-40.582689,-65.001303
995597,2021-01-14, 015516.000,24.81,-40.582689,-65.001303
997306,2021-01-14, 020013.827,24.29,-40.582762,-65.001445
997307,2021-01-14, 020014.000,24.25,-40.582762,-65.001445
999034,2021-01-14, 020512.826,23.68,-40.582788,-65.001397
999035,2021-01-14, 020513.000,23.64,-40.582788,-65.001397
1000816,2021-01-14, 021021.827,23.22,-40.582798,-65.001399
1000817,2021-01-14, 021022.000,23.18,-40.582798,-65.001399
1002562,2021-01-14, 021524.826,22.93,-40.582751,-65.001354
1002563,2021-01-14, 021525.000,22.9,-40.582751,-65.001354
1004272,2021-01-14, 022022.827,22.69,-40.582677,-65.001289
1004273,2021-01-14, 022023.000,22.63,-40.582677,-65.001289
1005982,2021-01-14, 022519.826,22.48,-40.582679,-65.001184
1005983,2021-01-14, 022520.000,22.44,-40.582679,-65.001184
1007710,2021-01-14, 023020.827,22.4,-40.582696,-65.001297
1007711,2021-01-14, 023021.000,22.36,-40.582696,-65.001297
1009474,2021-01-14, 023527.827,22.39,-40.582771,-65.001314
1009475,2021-01-14, 023528.000,22.34,-40.582771,-65.001314
1011364,2021-01-14, 024054.827,22.61,-40.582707,-65.001272
1011365,2021-01-14, 024055.000,22.56,-40.582707,-65.001272
1012912,2021-01-14, 024523.825,22.55,-40.582753,-65.001282
1012913,2021-01-14, 024524.000,22.52,-40.582753,-65.001282
1014640,2021-01-14, 025023.826,22.21,-40.582594,-65.001297
1014641,2021-01-14, 025024.000,22.18,-40.582594,-65.001297
1016710,2021-01-14, 025624.826,22.76,-40.582721,-65.001314
1016711,2021-01-14, 025625.000,22.72,-40.582721,-65.001314
1018096,2021-01-14, 030024.827,22.77,-40.582764,-65.001333
1018097,2021-01-14, 030025.000,22.72,-40.582764,-65.001333
1019842,2021-01-14, 030527.826,22.35,-40.582579,-65.001312
1019843,2021-01-14, 030528.000,22.29,-40.582579,-65.001312
1021570,2021-01-14, 031027.826,22.19,-40.582661,-65.001284
1021571,2021-01-14, 031028.000,22.16,-40.582661,-65.001284
1023298,2021-01-14, 031529.827,22.0,-40.582695,-65.001278
1023299,2021-01-14, 031530.000,21.94,-40.582695,-65.001278
1025062,2021-01-14, 032034.826,21.87,-40.582679,-65.001351
1025063,2021-01-14, 032035.000,21.84,-40.582679,-65.001351
1026808,2021-01-14, 032538.824,21.82,-40.582715,-65.001351
1026809,2021-01-14, 032539.000,21.76,-40.582715,-65.001351
1028518,2021-01-14, 033037.826,21.72,-40.582724,-65.001379
1028519,2021-01-14, 033038.000,21.66,-40.582724,-65.001379
1030246,2021-01-14, 033535.828,21.7,-40.582659,-65.00126
1030247,2021-01-14, 033536.000,21.66,-40.582659,-65.00126
1031974,2021-01-14, 034036.827,21.64,-40.582678,-65.001314
1031975,2021-01-14, 034037.000,21.58,-40.582678,-65.001314
1033810,2021-01-14, 034556.827,21.69,-40.582809,-65.001234
1033811,2021-01-14, 034557.000,21.64,-40.582809,-65.001234
1035556,2021-01-14, 035100.824,21.82,-40.582717,-65.001309
1035557,2021-01-14, 035101.000,21.78,-40.582717,-65.001309
1037158,2021-01-14, 035537.827,21.65,-40.582656,-65.001307
1037159,2021-01-14, 035538.000,21.59,-40.582656,-65.001307
1038886,2021-01-14, 040038.827,21.42,-40.582696,-65.001283
1038887,2021-01-14, 040039.000,21.38,-40.582696,-65.001283
1040632,2021-01-14, 040541.826,21.33,-40.582663,-65.001259
1040633,2021-01-14, 040542.000,21.3,-40.582663,-65.001259
1042396,2021-01-14, 041047.827,21.37,-40.582626,-65.00133
1042397,2021-01-14, 041048.000,21.32,-40.582626,-65.00133
1044088,2021-01-14, 041542.827,21.34,-40.58283,-65.001206
1044089,2021-01-14, 041543.000,21.28,-40.58283,-65.001206
1045834,2021-01-14, 042045.826,21.08,-40.582672,-65.001361
1045835,2021-01-14, 042046.000,21.06,-40.582672,-65.001361
1047562,2021-01-14, 042544.826,20.9,-40.582716,-65.001437
1047563,2021-01-14, 042545.000,20.87,-40.582716,-65.001437
1049290,2021-01-14, 043045.827,20.5,-40.582712,-65.00135
1049291,2021-01-14, 043046.000,20.47,-40.582712,-65.00135
1051000,2021-01-14, 043546.823,20.1,-40.582657,-65.001278
1051001,2021-01-14, 043547.000,20.06,-40.582657,-65.001278
1052710,2021-01-14, 044048.824,19.89,-40.582667,-65.001292
1052711,2021-01-14, 044049.000,19.84,-40.582667,-65.001292
1054420,2021-01-14, 044551.822,19.74,-40.582614,-65.001258
1054421,2021-01-14, 044552.000,19.71,-40.582614,-65.001258
1056076,2021-01-14, 045052.818,19.75,-40.58273,-65.001315
1056077,2021-01-14, 045053.000,19.71,-40.58273,-65.001315
1057750,2021-01-14, 045555.819,19.72,-40.582651,-65.001265
1057751,2021-01-14, 045556.000,19.67,-40.582651,-65.001265
1059406,2021-01-14, 050051.822,19.86,-40.582693,-65.001268
1059407,2021-01-14, 050052.000,19.83,-40.582693,-65.001268
1061098,2021-01-14, 050552.821,20.04,-40.582663,-65.001289
1061099,2021-01-14, 050553.000,19.97,-40.582663,-65.001289
1062826,2021-01-14, 051054.827,20.1,-40.582676,-65.001318
1062827,2021-01-14, 051055.000,20.03,-40.582676,-65.001318
1064554,2021-01-14, 051555.827,20.16,-40.582631,-65.001253
1064555,2021-01-14, 051556.000,20.1,-40.582631,-65.001253
1066282,2021-01-14, 052056.827,20.18,-40.582662,-65.001242
1066283,2021-01-14, 052057.000,20.14,-40.582662,-65.001242
1068028,2021-01-14, 052600.824,20.23,-40.582744,-65.00141
1068029,2021-01-14, 052601.000,20.19,-40.582744,-65.00141
1069738,2021-01-14, 053059.826,20.25,-40.582573,-65.001243
1069739,2021-01-14, 053100.000,20.21,-40.582573,-65.001243
1071502,2021-01-14, 053604.826,20.21,-40.582685,-65.001276
1071503,2021-01-14, 053605.000,20.16,-40.582685,-65.001276
1073212,2021-01-14, 054103.826,20.21,-40.582531,-65.001203
1073213,2021-01-14, 054104.000,20.17,-40.582531,-65.001203
1074958,2021-01-14, 054605.826,20.11,-40.582642,-65.001267
1074959,2021-01-14, 054606.000,20.07,-40.582642,-65.001267
1076740,2021-01-14, 055116.825,20.15,-40.582658,-65.001287
1076741,2021-01-14, 055117.000,20.12,-40.582658,-65.001287
1078432,2021-01-14, 055610.827,20.18,-40.582952,-65.001521
1078433,2021-01-14, 055611.000,20.15,-40.582952,-65.001521
1080268,2021-01-14, 060130.827,20.32,-40.582684,-65.001317
1080269,2021-01-14, 060131.000,20.26,-40.582684,-65.001317
1081852,2021-01-14, 060606.827,20.37,-40.582714,-65.001301
1081853,2021-01-14, 060607.000,20.31,-40.582714,-65.001301
1083598,2021-01-14, 061110.824,20.14,-40.582741,-65.001313
1083599,2021-01-14, 061111.000,20.09,-40.582741,-65.001313
1085308,2021-01-14, 061608.827,20.06,-40.582796,-65.001214
1085309,2021-01-14, 061609.000,20.02,-40.582796,-65.001214
1087000,2021-01-14, 062109.821,19.87,-40.582667,-65.001319
1087001,2021-01-14, 062110.000,19.83,-40.582667,-65.001319
1088674,2021-01-14, 062611.819,19.85,-40.582656,-65.001302
1088675,2021-01-14, 062612.000,19.8,-40.582656,-65.001302
1090330,2021-01-14, 063112.818,19.91,-40.58274,-65.001269
1090331,2021-01-14, 063113.000,19.86,-40.58274,-65.001269
1092022,2021-01-14, 063612.822,19.92,-40.582706,-65.001299
1092023,2021-01-14, 063613.000,19.89,-40.582706,-65.001299
1093696,2021-01-14, 064118.818,19.91,-40.582795,-65.00129
1093697,2021-01-14, 064119.000,19.87,-40.582795,-65.00129
1095370,2021-01-14, 064616.822,19.99,-40.582856,-65.00135
1095371,2021-01-14, 064617.000,19.93,-40.582856,-65.00135
1097116,2021-01-14, 065120.824,20.05,-40.582734,-65.001273
1097117,2021-01-14, 065121.000,20.0,-40.582734,-65.001273
1098844,2021-01-14, 065621.827,20.13,-40.582734,-65.001287
1098845,2021-01-14, 065622.000,20.1,-40.582734,-65.001287
1100590,2021-01-14, 070124.826,20.27,-40.582722,-65.001148
1100591,2021-01-14, 070125.000,20.23,-40.582722,-65.001148
1102318,2021-01-14, 070624.826,20.29,-40.582736,-65.001279
1102319,2021-01-14, 070625.000,20.26,-40.582736,-65.001279
1104082,2021-01-14, 071132.825,20.4,-40.583014,-65.001412
1104083,2021-01-14, 071133.000,20.35,-40.583014,-65.001412
1105774,2021-01-14, 071626.827,20.49,-40.582741,-65.001351
1105775,2021-01-14, 071627.000,20.43,-40.582741,-65.001351
1107502,2021-01-14, 072128.827,20.37,-40.582734,-65.001319
1107503,2021-01-14, 072129.000,20.33,-40.582734,-65.001319
1109266,2021-01-14, 072633.826,20.33,-40.582708,-65.001202
1109267,2021-01-14, 072634.000,20.28,-40.582708,-65.001202
1110976,2021-01-14, 073130.826,20.31,-40.582676,-65.001253
1110977,2021-01-14, 073131.000,20.26,-40.582676,-65.001253
1112704,2021-01-14, 073632.827,20.23,-40.582727,-65.001292
1112705,2021-01-14, 073633.000,20.17,-40.582727,-65.001292
1114414,2021-01-14, 074130.827,20.22,-40.582725,-65.001328
1114415,2021-01-14, 074131.000,20.18,-40.582725,-65.001328
1116142,2021-01-14, 074632.827,20.05,-40.582642,-65.001292
1116143,2021-01-14, 074633.000,20.04,-40.582642,-65.001292
1117888,2021-01-14, 075139.825,20.14,-40.582769,-65.001327
1117889,2021-01-14, 075140.000,20.09,-40.582769,-65.001327
1119598,2021-01-14, 075636.826,20.24,-40.582696,-65.00133
1119599,2021-01-14, 075637.000,20.22,-40.582696,-65.00133
1121308,2021-01-14, 080136.824,20.23,-40.582573,-65.001232
1121309,2021-01-14, 080137.000,20.19,-40.582573,-65.001232
1123036,2021-01-14, 080637.827,20.19,-40.582585,-65.001222
1123037,2021-01-14, 080638.000,20.15,-40.582585,-65.001222
1124800,2021-01-14, 081144.827,20.12,-40.582706,-65.001304
1124801,2021-01-14, 081145.000,20.08,-40.582706,-65.001304
1126510,2021-01-14, 081641.826,20.17,-40.582642,-65.001253
1126511,2021-01-14, 081642.000,20.14,-40.582642,-65.001253
1128220,2021-01-14, 082142.823,20.13,-40.582643,-65.001273
1128221,2021-01-15, 112034.000,31.22,-40.582118,-65.000786
1129948,2021-01-15, 112535.827,36.44,-40.582139,-65.000799
1129949,2021-01-15, 112536.000,36.4,-40.582139,-65.000799
1131676,2021-01-15, 113036.827,39.4,-40.582112,-65.000788
1131677,2021-01-15, 113037.000,39.36,-40.582112,-65.000788
1133404,2021-01-15, 113537.827,41.3,-40.58214,-65.000782
1133405,2021-01-15, 113538.000,41.25,-40.58214,-65.000782
1135150,2021-01-15, 114039.826,42.96,-40.580854,-64.998821
1135151,2021-01-15, 114040.000,42.93,-40.580854,-64.998821
1136878,2021-01-15, 114540.827,44.74,-40.58109,-64.998707
1136879,2021-01-15, 114541.000,44.7,-40.58109,-64.998707
1138606,2021-01-15, 115042.827,45.93,-40.581542,-64.999035
1138607,2021-01-15, 115043.000,45.87,-40.581542,-64.999035
1140334,2021-01-15, 115543.827,43.94,-40.580587,-64.999451
1140335,2021-01-15, 115544.000,43.91,-40.580587,-64.999451
1142116,2021-01-15, 120052.827,38.74,-40.582065,-65.000826
1142117,2021-01-15, 120053.000,38.69,-40.582065,-65.000826
1143844,2021-01-15, 120552.826,38.3,-40.582035,-65.000767
1143845,2021-01-15, 120553.000,38.26,-40.582035,-65.000767
1145572,2021-01-15, 121052.826,40.9,-40.582001,-65.000765
1145573,2021-01-15, 121053.000,40.87,-40.582001,-65.000765
1147318,2021-01-15, 121554.826,40.22,-40.582021,-65.000756
1147319,2021-01-15, 121555.000,40.18,-40.582021,-65.000756
1149046,2021-01-15, 122055.827,41.76,-40.582016,-65.000775
1149047,2021-01-15, 122056.000,41.72,-40.582016,-65.000775
1150774,2021-01-15, 122557.827,41.04,-40.582022,-65.000742
1150775,2021-01-15, 122558.000,41.02,-40.582022,-65.000742
1152502,2021-01-15, 123058.827,39.25,-40.58205,-65.000732
1152503,2021-01-15, 123059.000,39.22,-40.58205,-65.000732
1154266,2021-01-15, 123604.827,40.34,-40.582108,-65.000796
1154267,2021-01-15, 123605.000,40.29,-40.582108,-65.000796
1155976,2021-01-15, 124101.826,43.11,-40.582173,-65.000973
1155977,2021-01-15, 124102.000,43.08,-40.582173,-65.000973
1157668,2021-01-15, 124555.827,40.31,-40.582192,-65.001026
1157669,2021-01-15, 124556.000,40.27,-40.582192,-65.001026
1159396,2021-01-15, 125057.827,35.81,-40.582203,-65.000995
1159397,2021-01-15, 125058.000,35.77,-40.582203,-65.000995
1161124,2021-01-15, 125558.827,33.73,-40.582203,-65.001018
1161125,2021-01-15, 125559.000,33.69,-40.582203,-65.001018
1162870,2021-01-15, 130100.826,32.42,-40.582186,-65.000986
1162871,2021-01-15, 130101.000,32.38,-40.582186,-65.000986
1164580,2021-01-15, 130557.826,34.38,-40.582164,-65.001004
1164581,2021-01-15, 130558.000,34.34,-40.582164,-65.001004
1166326,2021-01-15, 131100.826,38.46,-40.58234,-65.001047
1166327,2021-01-15, 131101.000,38.42,-40.58234,-65.001047
1168054,2021-01-15, 131602.827,37.52,-40.582355,-65.001061
1168055,2021-01-15, 131603.000,37.48,-40.582355,-65.001061
1169800,2021-01-15, 132104.826,34.39,-40.582393,-65.001048
1169801,2021-01-15, 132105.000,34.35,-40.582393,-65.001048
1171528,2021-01-15, 132604.826,37.57,-40.582502,-65.001146
1171529,2021-01-15, 132605.000,37.52,-40.582502,-65.001146
1173292,2021-01-15, 133112.825,36.86,-40.582401,-65.001283
1173293,2021-01-15, 133113.000,36.81,-40.582401,-65.001283
1175020,2021-01-15, 133613.827,42.71,-40.582345,-65.001358
1175021,2021-01-15, 133614.000,42.68,-40.582345,-65.001358
1176766,2021-01-15, 134116.826,40.17,-40.582307,-65.001355
1176767,2021-01-15, 134117.000,40.14,-40.582307,-65.001355
1178458,2021-01-15, 134610.827,38.56,-40.582398,-65.00135
1178459,2021-01-15, 134611.000,38.52,-40.582398,-65.00135
1180186,2021-01-15, 135110.826,42.8,-40.582331,-65.001348
1180187,2021-01-15, 135111.000,42.76,-40.582331,-65.001348
1181932,2021-01-15, 135613.826,46.04,-40.582378,-65.001348
1181933,2021-01-15, 135614.000,45.99,-40.582378,-65.001348
1183948,2021-01-15, 140202.826,39.27,-40.582346,-65.001375
1183949,2021-01-15, 140203.000,39.22,-40.582346,-65.001375
1185388,2021-01-15, 140613.825,38.77,-40.582383,-65.00138
1185389,2021-01-15, 140614.000,38.73,-40.582383,-65.00138
1187134,2021-01-15, 141116.826,37.9,-40.582357,-65.001416
1187135,2021-01-15, 141117.000,37.86,-40.582357,-65.001416
1188862,2021-01-15, 141617.827,44.27,-40.582433,-65.00141
1188863,2021-01-15, 141618.000,44.22,-40.582433,-65.00141
1190590,2021-01-15, 142118.827,48.7,-40.582493,-65.001501
1190591,2021-01-15, 142119.000,48.64,-40.582493,-65.001501
1192318,2021-01-15, 142619.827,46.24,-40.582541,-65.001494
1192319,2021-01-15, 142620.000,46.19,-40.582541,-65.001494
1194046,2021-01-15, 143119.826,48.46,-40.582621,-65.001433
1194047,2021-01-15, 143120.000,48.43,-40.582621,-65.001433
1195792,2021-01-15, 143621.826,52.0,-40.576603,-64.994028
1195793,2021-01-15, 143622.000,51.97,-40.576603,-64.994028
1197574,2021-01-15, 144129.828,49.71,-40.576459,-65.009831
1197575,2021-01-15, 144130.000,49.65,-40.576459,-65.009831
1199338,2021-01-15, 144635.827,43.89,-40.573213,-65.012364
1199339,2021-01-15, 144636.000,43.85,-40.573213,-65.012364
1201048,2021-01-15, 145133.827,41.7,-40.571736,-65.012564
1201049,2021-01-15, 145134.000,41.65,-40.571736,-65.012564
1202830,2021-01-15, 145646.823,40.52,-40.582701,-65.00134
1202831,2021-01-15, 145647.000,40.48,-40.582701,-65.00134
1204450,2021-01-15, 150127.827,40.83,-40.582725,-65.001303
1204451,2021-01-15, 150128.000,40.77,-40.582725,-65.001303
1206196,2021-01-15, 150630.826,31.0,-40.582696,-65.001273
1206197,2021-01-15, 150631.000,39.27,-40.582696,-65.001273
1207924,2021-01-15, 151131.827,37.99,-40.582714,-65.001282
1207925,2021-01-15, 151132.000,37.94,-40.582714,-65.001282
1209670,2021-01-15, 151635.824,37.35,-40.582706,-65.001313
1209671,2021-01-15, 151636.000,37.32,-40.582706,-65.001313
1211398,2021-01-15, 152136.827,36.85,-40.582702,-65.001302
1211399,2021-01-15, 152137.000,36.81,-40.582702,-65.001302
1213108,2021-01-15, 152634.827,36.59,-40.58264,-65.001321
1213109,2021-01-15, 152635.000,36.54,-40.58264,-65.001321
1214872,2021-01-15, 153139.826,36.23,-40.582727,-65.001325
1214873,2021-01-15, 153140.000,36.19,-40.582727,-65.001325
1216726,2021-01-15, 153703.827,36.03,-40.582615,-65.001358
1216727,2021-01-15, 153704.000,35.99,-40.582615,-65.001358
1218310,2021-01-15, 154138.826,35.83,-40.582675,-65.001361
1218311,2021-01-15, 154139.000,35.79,-40.582675,-65.001361
1220038,2021-01-15, 154638.826,35.43,-40.582681,-65.001346
1220039,2021-01-15, 154639.000,35.39,-40.582681,-65.001346
1221766,2021-01-15, 155139.827,35.19,-40.58269,-65.00135
1221767,2021-01-15, 155140.000,35.15,-40.58269,-65.00135
1223494,2021-01-15, 155640.827,35.03,-40.582677,-65.001385
1223495,2021-01-15, 155641.000,34.98,-40.582677,-65.001385
1225240,2021-01-15, 160144.824,34.91,-40.58262,-65.001335
1225241,2021-01-15, 160145.000,34.89,-40.58262,-65.001335
1227022,2021-01-15, 160652.828,34.94,-40.582763,-65.001339
1227023,2021-01-15, 160653.000,34.91,-40.582763,-65.001339
1228696,2021-01-15, 161145.825,34.97,-40.582724,-65.001292
1228697,2021-01-15, 161146.000,34.93,-40.582724,-65.001292
1230424,2021-01-15, 161644.826,34.9,-40.582637,-65.001279
1230425,2021-01-15, 161645.000,34.85,-40.582637,-65.001279
1232152,2021-01-15, 162145.827,34.87,-40.582657,-65.001284
1232153,2021-01-15, 162146.000,34.82,-40.582657,-65.001284
1233880,2021-01-15, 162647.827,34.81,-40.582736,-65.001289
1233881,2021-01-15, 162648.000,34.77,-40.582736,-65.001289
1235626,2021-01-15, 163149.826,34.81,-40.582746,-65.001313
1235627,2021-01-15, 163150.000,34.77,-40.582746,-65.001313
1237390,2021-01-15, 163655.827,34.85,-40.582535,-65.001279
1237391,2021-01-15, 163656.000,34.81,-40.582535,-65.001279
1239082,2021-01-15, 164150.827,34.89,-40.582682,-65.001312
1239083,2021-01-15, 164151.000,34.85,-40.582682,-65.001312
1240846,2021-01-15, 164657.827,34.85,-40.58264,-65.001258
1240847,2021-01-15, 164658.000,34.8,-40.58264,-65.001258
1242592,2021-01-15, 165200.826,34.9,-40.582813,-65.001363
1242593,2021-01-15, 165201.000,34.86,-40.582813,-65.001363
1244464,2021-01-15, 165727.824,35.14,-40.582719,-65.001301
1244465,2021-01-15, 165728.000,35.11,-40.582719,-65.001301
1246012,2021-01-15, 170156.825,35.27,-40.582662,-65.001322
1246013,2021-01-15, 170157.000,35.21,-40.582662,-65.001322
1247722,2021-01-15, 170654.827,35.06,-40.582688,-65.001314
1247723,2021-01-15, 170655.000,35.02,-40.582688,-65.001314
1249468,2021-01-15, 171156.826,34.98,-40.582687,-65.001306
1249469,2021-01-15, 171157.000,34.94,-40.582687,-65.001306
1251214,2021-01-15, 171700.824,34.95,-40.582718,-65.001271
1251215,2021-01-15, 171701.000,34.92,-40.582718,-65.001271
1252942,2021-01-15, 172201.827,34.91,-40.582749,-65.001323
1252943,2021-01-15, 172202.000,34.88,-40.582749,-65.001323
1254670,2021-01-15, 172700.826,34.89,-40.582676,-65.001253
1254671,2021-01-15, 172701.000,34.84,-40.582676,-65.001253
1256398,2021-01-15, 173202.827,34.82,-40.582673,-65.001319
1256399,2021-01-15, 173203.000,34.78,-40.582673,-65.001319
1258144,2021-01-15, 173704.826,34.77,-40.582648,-65.001268
1258145,2021-01-15, 173705.000,34.72,-40.582648,-65.001268
1259872,2021-01-15, 174205.827,34.73,-40.582741,-65.001315
1259873,2021-01-15, 174206.000,34.68,-40.582741,-65.001315
1261672,2021-01-15, 174718.826,34.72,-40.582717,-65.001294
1261673,2021-01-15, 174719.000,34.69,-40.582717,-65.001294
1263400,2021-01-15, 175218.826,34.84,-40.582657,-65.001243
1263401,2021-01-15, 175219.000,34.8,-40.582657,-65.001243
1265164,2021-01-15, 175726.825,34.93,-40.58271,-65.001272
1265165,2021-01-15, 175727.000,34.9,-40.58271,-65.001272
1266910,2021-01-15, 180228.826,35.08,-40.582654,-65.001214
1266911,2021-01-15, 180229.000,35.04,-40.582654,-65.001214
1268728,2021-01-15, 180745.825,35.34,-40.582657,-65.001248
1268729,2021-01-15, 180746.000,35.31,-40.582657,-65.001248
1270348,2021-01-15, 181225.828,35.38,-40.582599,-65.001121
1270349,2021-01-15, 181226.000,35.32,-40.582599,-65.001121
1272112,2021-01-15, 181733.825,35.27,-40.582695,-65.001274
1272113,2021-01-15, 181734.000,35.24,-40.582695,-65.001274
1273732,2021-01-15, 182215.825,35.22,-40.582718,-65.001235
1273733,2021-01-15, 182216.000,35.19,-40.582718,-65.001235
1275460,2021-01-15, 182716.827,35.01,-40.582695,-65.001216
1275461,2021-01-15, 182717.000,34.97,-40.582695,-65.001216
1277206,2021-01-15, 183218.826,34.91,-40.582743,-65.001257
1277207,2021-01-15, 183219.000,34.84,-40.582743,-65.001257
1278952,2021-01-15, 183721.826,34.8,-40.582666,-65.001252
1278953,2021-01-15, 183722.000,34.75,-40.582666,-65.001252
1280680,2021-01-15, 184221.826,34.72,-40.582701,-65.001268
1280681,2021-01-15, 184222.000,34.68,-40.582701,-65.001268
1282408,2021-01-15, 184723.827,34.67,-40.582742,-65.001169
1282409,2021-01-15, 184724.000,34.62,-40.582742,-65.001169
1284154,2021-01-15, 185226.826,34.61,-40.582731,-65.001239
1284155,2021-01-15, 185227.000,34.56,-40.582731,-65.001239
1285918,2021-01-15, 185734.825,34.61,-40.582683,-65.001299
1285919,2021-01-15, 185735.000,34.57,-40.582683,-65.001299
1287610,2021-01-15, 190226.828,34.63,-40.582645,-65.001281
1287611,2021-01-15, 190227.000,34.59,-40.582645,-65.001281
1289338,2021-01-15, 190727.827,34.47,-40.582684,-65.001349
1289339,2021-01-15, 190728.000,34.44,-40.582684,-65.001349
1291066,2021-01-15, 191229.827,34.36,-40.582725,-65.001305
1291067,2021-01-15, 191230.000,34.32,-40.582725,-65.001305
1292884,2021-01-15, 191744.827,34.36,-40.582479,-65.001396
1292885,2021-01-15, 191745.000,34.33,-40.582479,-65.001396
1294540,2021-01-15, 192233.827,34.38,-40.582699,-65.001283
1294541,2021-01-15, 192234.000,34.33,-40.582699,-65.001283
1296304,2021-01-15, 192739.827,34.28,-40.582699,-65.001247
1296305,2021-01-15, 192740.000,34.24,-40.582699,-65.001247
1298176,2021-01-15, 193303.826,34.51,-40.582718,-65.001283
1298177,2021-01-15, 193304.000,34.46,-40.582718,-65.001283
1299724,2021-01-15, 193734.824,34.54,-40.582704,-65.001268
1299725,2021-01-15, 193735.000,34.5,-40.582704,-65.001268
1301452,2021-01-15, 194235.827,34.29,-40.582731,-65.001285
1301453,2021-01-15, 194236.000,34.24,-40.582731,-65.001285
1303180,2021-01-15, 194736.827,34.19,-40.58273,-65.001291
1303181,2021-01-15, 194737.000,34.14,-40.58273,-65.001291
1304908,2021-01-15, 195237.827,34.1,-40.582728,-65.001259
1304909,2021-01-15, 195238.000,34.06,-40.582728,-65.001259
1306636,2021-01-15, 195738.827,34.07,-40.58269,-65.001327
1306637,2021-01-15, 195739.000,34.03,-40.58269,-65.001327
1308382,2021-01-15, 200240.826,34.02,-40.582756,-65.001278
1308383,2021-01-15, 200241.000,33.97,-40.582756,-65.001278
1310110,2021-01-15, 200741.827,33.92,-40.582703,-65.001285
1310111,2021-01-15, 200742.000,33.88,-40.582703,-65.001285
1311838,2021-01-15, 201242.827,33.85,-40.582738,-65.00132
1311839,2021-01-15, 201243.000,33.81,-40.582738,-65.00132
1313602,2021-01-15, 201748.827,33.77,-40.58271,-65.001317
1313603,2021-01-15, 201749.000,33.72,-40.58271,-65.001317
1315312,2021-01-15, 202245.826,33.64,-40.582648,-65.001292
1315313,2021-01-15, 202246.000,33.61,-40.582648,-65.001292
1317040,2021-01-15, 202746.827,33.49,-40.582695,-65.00129
1317041,2021-01-15, 202747.000,33.45,-40.582695,-65.00129
1318768,2021-01-15, 203247.827,33.3,-40.582722,-65.001257
1318769,2021-01-15, 203248.000,33.26,-40.582722,-65.001257
1320514,2021-01-15, 203750.826,33.01,-40.582685,-65.001252
1320515,2021-01-15, 203751.000,32.97,-40.582685,-65.001252
1322242,2021-01-15, 204250.826,33.04,-40.58272,-65.001301
1322243,2021-01-15, 204251.000,33.0,-40.58272,-65.001301
1323988,2021-01-15, 204752.826,32.97,-40.582807,-65.001229
1323989,2021-01-15, 204753.000,32.93,-40.582807,-65.001229
1325716,2021-01-15, 205253.827,32.84,-40.58268,-65.001302
1325717,2021-01-15, 205254.000,32.8,-40.58268,-65.001302
1327462,2021-01-15, 205757.824,32.68,-40.582749,-65.001246
1327463,2021-01-15, 205758.000,32.64,-40.582749,-65.001246
1329352,2021-01-15, 210327.825,32.84,-40.582758,-65.001221
1329353,2021-01-15, 210328.000,32.81,-40.582758,-65.001221
1330900,2021-01-15, 210755.826,32.86,-40.582807,-65.001233
1330901,2021-01-15, 210756.000,32.81,-40.582807,-65.001233
1332628,2021-01-15, 211256.827,32.54,-40.582719,-65.001261
1332629,2021-01-15, 211257.000,32.5,-40.582719,-65.001261
1334374,2021-01-15, 211758.826,32.32,-40.582667,-65.001302
1334375,2021-01-15, 211759.000,32.27,-40.582667,-65.001302
1336102,2021-01-15, 212259.827,32.15,-40.58275,-65.001293
1336103,2021-01-15, 212300.000,32.12,-40.58275,-65.001293
1337848,2021-01-15, 212801.826,32.06,-40.582676,-65.001352
1337849,2021-01-15, 212802.000,32.04,-40.582676,-65.001352
1339558,2021-01-15, 213301.824,31.99,-40.582862,-65.001188
1339559,2021-01-15, 213302.000,31.95,-40.582862,-65.001188
1341304,2021-01-15, 213804.826,31.85,-40.582683,-65.001316
1341305,2021-01-15, 213805.000,31.82,-40.582683,-65.001316
1343032,2021-01-15, 214305.827,31.75,-40.582674,-65.001308
1343033,2021-01-15, 214306.000,31.71,-40.582674,-65.001308
1344778,2021-01-15, 214809.824,31.66,-40.582748,-65.001264
1344779,2021-01-15, 214810.000,31.63,-40.582748,-65.001264
1346488,2021-01-15, 215307.827,31.59,-40.582704,-65.001345
1346489,2021-01-15, 215308.000,31.56,-40.582704,-65.001345
1348252,2021-01-15, 215812.826,31.5,-40.582687,-65.001384
1348253,2021-01-15, 215813.000,31.47,-40.582687,-65.001384
1349962,2021-01-15, 220310.827,31.44,-40.582673,-65.001383
1349963,2021-01-15, 220311.000,31.41,-40.582673,-65.001383
1351690,2021-01-15, 220811.827,31.36,-40.582742,-65.001299
1351691,2021-01-15, 220812.000,31.32,-40.582742,-65.001299
1353418,2021-01-15, 221312.827,31.2,-40.58269,-65.001335
1353419,2021-01-15, 221313.000,31.17,-40.58269,-65.001335
1355164,2021-01-15, 221816.824,31.12,-40.582688,-65.001357
1355165,2021-01-15, 221817.000,31.06,-40.582688,-65.001357
1356892,2021-01-15, 222317.827,31.07,-40.582712,-65.001318
1356893,2021-01-15, 222318.000,31.03,-40.582712,-65.001318
1358620,2021-01-15, 222816.826,31.03,-40.582699,-65.001322
1358621,2021-01-15, 222817.000,30.98,-40.582699,-65.001322
1360366,2021-01-15, 223320.824,30.92,-40.582708,-65.001336
1360367,2021-01-15, 223321.000,30.87,-40.582708,-65.001336
1362094,2021-01-15, 223819.826,30.88,-40.582726,-65.001393
1362095,2021-01-15, 223820.000,30.84,-40.582726,-65.001393
1363840,2021-01-15, 224323.824,30.76,-40.582728,-65.001274
1363841,2021-01-15, 224324.000,30.72,-40.582728,-65.001274
1365658,2021-01-15, 224840.825,30.79,-40.582761,-65.001707
1365659,2021-01-15, 224841.000,30.75,-40.582761,-65.001707
1367296,2021-01-15, 225323.827,30.81,-40.582722,-65.001339
1367297,2021-01-15, 225324.000,30.77,-40.582722,-65.001339
1369024,2021-01-15, 225824.827,30.57,-40.582692,-65.001258
1369025,2021-01-15, 225825.000,30.53,-40.582692,-65.001258
1370752,2021-01-15, 230326.827,30.46,-40.582694,-65.00127
1370753,2021-01-15, 230327.000,30.42,-40.582694,-65.00127
1372498,2021-01-15, 230828.826,30.39,-40.582735,-65.001287
1372499,2021-01-15, 230829.000,30.36,-40.582735,-65.001287
1374244,2021-01-15, 231331.826,30.3,-40.582778,-65.001397
1374245,2021-01-15, 231332.000,30.26,-40.582778,-65.001397
1376008,2021-01-15, 231839.825,30.3,-40.582936,-65.001948
1376009,2021-01-15, 231840.000,30.25,-40.582936,-65.001948
1377682,2021-01-15, 232330.827,30.24,-40.582642,-65.001319
1377683,2021-01-15, 232331.000,30.21,-40.582642,-65.001319
1379446,2021-01-15, 232835.826,30.11,-40.582717,-65.001361
1379447,2021-01-15, 232836.000,30.07,-40.582717,-65.001361
1381192,2021-01-15, 233341.826,30.05,-40.58268,-65.001341
1381193,2021-01-15, 233342.000,30.0,-40.58268,-65.001341
1382902,2021-01-15, 233837.827,30.07,-40.582723,-65.001363
1382903,2021-01-15, 233838.000,30.02,-40.582723,-65.001363
1384612,2021-01-15, 234334.826,29.97,-40.582722,-65.001431
1384613,2021-01-15, 234335.000,29.92,-40.582722,-65.001431
1386376,2021-01-15, 234842.825,29.81,-40.582724,-65.001366
